tick,time_s,status,ran_steps,cum_steps,reload,mark_reload,temp_K,density_m3,n_ratio,pressure_Pa,shield_hits,shield_reemit
1,60,1,0,0,0,0,0,0,0,0,0,0
2,120,1,2500,2500,0,0,0,0,0,0,0,0
3,180,1,2500,5000,0,0,0,0,0,0,0,0
4,240,1,2500,7500,0,0,0,0,0,0,0,0
5,300,1,2500,10000,0,0,0,0,0,0,0,0
6,360,1,2500,12500,0,0,0,0,0,0,0,0
7,420,1,2500,15000,0,0,0,0,0,0,0,0
8,480,1,2500,17500,0,0,0,0,0,0,0,0
9,540,1,2500,20000,0,0,0,0,0,0,0,0
10,600,1,2500,22500,0,0,0,0,0,0,0,0
11,660,1,2500,25000,0,0,0,0,0,0,0,0
12,720,1,2500,27500,0,0,0,0,0,0,0,0
13,780,1,2500,30000,0,0,0,0,0,0,0,0
14,840,1,2500,32500,0,0,0,0,0,0,0,0
15,900,1,2500,35000,0,0,0,0,0,0,0,0
16,960,1,2500,37500,0,0,0,0,0,0,0,0
17,1020,1,2500,40000,0,0,0,0,0,0,0,0
18,1080,1,2500,42500,0,0,0,0,0,0,0,0
19,1140,1,2500,45000,0,0,0,0,0,0,0,0
20,1200,1,2500,47500,0,0,0,0,0,0,0,0
21,1260,1,2500,50000,0,0,0,0,0,0,0,0
22,1320,1,2500,52500,0,0,0,0,0,0,0,0
23,1380,1,2500,55000,0,0,0,0,0,0,0,0
24,1440,1,2500,57500,0,0,0,0,0,0,0,0
25,1500,1,2500,60000,0,0,0,0,0,0,0,0
26,1560,1,2500,62500,0,0,0,0,0,0,0,0
27,1620,1,2500,65000,0,0,0,0,0,0,0,0
28,1680,1,2500,67500,0,0,0,0,0,0,0,0
29,1740,1,2500,70000,0,0,0,0,0,0,0,0
30,1800,1,2500,72500,0,0,0,0,0,0,0,0
31,1860,1,2500,75000,0,0,0,0,0,0,0,0
32,1920,1,2500,77500,0,0,0,0,0,0,0,0
33,1980,1,2500,80000,0,0,0,0,0,0,0,0
34,2040,1,2500,82500,0,0,0,0,0,0,0,0
35,2100,1,2500,85000,0,0,0,0,0,0,0,0
36,2160,1,2500,87500,0,0,0,0,0,0,0,0
37,2220,1,2500,90000,0,0,0,0,0,0,0,0
38,2280,1,2500,92500,0,0,0,0,0,0,0,0
39,2340,1,2500,95000,0,0,0,0,0,0,0,0
40,2400,1,2500,97500,0,0,0,0,0,0,0,0
41,2460,1,2500,100000,0,0,0,0,0,0,0,0
42,2520,1,2500,102500,0,0,0,0,0,0,0,0
43,2580,1,2500,105000,0,0,0,0,0,0,0,0
44,2640,1,2500,107500,0,0,0,0,0,0,0,0
45,2700,1,2500,110000,0,0,0,0,0,0,0,0
46,2760,1,2500,112500,0,0,0,0,0,0,0,0
47,2820,1,2500,115000,0,0,0,0,0,0,0,0
48,2880,1,2500,117500,0,0,0,0,0,0,0,0
49,2940,1,2500,120000,0,0,0,0,0,0,0,0
50,3000,1,2500,122500,0,0,0,0,0,0,0,0
51,3060,1,2500,125000,0,0,0,0,0,0,0,0
52,3120,1,2500,127500,0,0,0,0,0,0,0,0
53,3180,1,2500,130000,0,0,0,0,0,0,0,0
54,3240,1,2500,132500,0,0,0,0,0,0,0,0
55,3300,1,2500,135000,0,0,0,0,0,0,0,0
56,3360,1,2500,137500,0,0,0,0,0,0,0,0
57,3420,1,2500,140000,0,0,0,0,0,0,0,0
58,3480,1,2500,142500,0,0,0,0,0,0,0,0
59,3540,1,2500,145000,0,0,0,0,0,0,0,0
60,3600,1,2500,147500,0,0,0,0,0,0,0,0
61,3660,1,2500,150000,0,0,0,0,0,0,0,0
62,3720,1,2500,152500,0,0,0,0,0,0,0,0
63,3780,1,2500,155000,0,0,0,0,0,0,0,0
64,3840,1,2500,157500,0,0,0,0,0,0,0,0
65,3900,1,2500,160000,0,0,0,0,0,0,0,0
66,3960,1,2500,162500,0,0,0,0,0,0,0,0
67,4020,1,2500,165000,0,0,0,0,0,0,0,0
68,4080,1,2500,167500,0,0,0,0,0,0,0,0
69,4140,1,2500,170000,0,0,0,0,0,0,0,0
70,4200,1,2500,172500,0,0,0,0,0,0,0,0
71,4260,1,2500,175000,0,0,0,0,0,0,0,0
72,4320,1,2500,177500,0,0,0,0,0,0,0,0
73,4380,1,2500,180000,0,0,0,0,0,0,0,0
74,4440,1,2500,182500,0,0,0,0,0,0,0,0
75,4500,1,2500,185000,0,0,0,0,0,0,0,0
76,4560,1,2500,187500,0,0,0,0,0,0,0,0
77,4620,1,2500,190000,0,0,0,0,0,0,0,0
78,4680,1,2500,192500,0,0,0,0,0,0,0,0
79,4740,1,2500,195000,0,0,0,0,0,0,0,0
80,4800,1,2500,197500,0,0,0,0,0,0,0,0
81,4860,1,2500,200000,0,0,0,0,0,0,0,0
82,4920,1,2500,202500,0,0,0,0,0,0,0,0
83,4980,1,2500,205000,0,0,0,0,0,0,0,0
84,5040,1,2500,207500,0,0,0,0,0,0,0,0
85,5100,1,2500,210000,0,0,0,0,0,0,0,0
86,5160,1,2500,212500,0,0,0,0,0,0,0,0
87,5220,1,2500,215000,0,0,0,0,0,0,0,0
88,5280,1,2500,217500,0,0,0,0,0,0,0,0
89,5340,1,2500,220000,0,0,0,0,0,0,0,0
90,5400,1,2500,222500,0,0,0,0,0,0,0,0
91,5460,1,2500,225000,0,0,0,0,0,0,0,0
92,5520,1,2500,227500,0,0,0,0,0,0,0,0
93,5580,1,2500,230000,0,0,0,0,0,0,0,0
94,5640,1,2500,232500,0,0,0,0,0,0,0,0
95,5700,1,2500,235000,0,0,0,0,0,0,0,0
96,5760,1,2500,237500,0,0,0,0,0,0,0,0
97,5820,1,2500,240000,0,0,0,0,0,0,0,0
98,5880,1,2500,242500,0,0,0,0,0,0,0,0
99,5940,1,2500,245000,0,0,0,0,0,0,0,0
100,6000,1,2500,247500,0,0,0,0,0,0,0,0
101,6060,1,2500,250000,0,0,0,0,0,0,0,0
102,6120,1,2500,252500,0,0,0,0,0,0,0,0
103,6180,1,2500,255000,0,0,0,0,0,0,0,0
104,6240,1,2500,257500,0,0,0,0,0,0,0,0
105,6300,1,2500,260000,0,0,0,0,0,0,0,0
106,6360,1,2500,262500,0,0,0,0,0,0,0,0
107,6420,1,2500,265000,0,0,0,0,0,0,0,0
108,6480,1,2500,267500,0,0,0,0,0,0,0,0
109,6540,1,2500,270000,0,0,0,0,0,0,0,0
110,6600,1,2500,272500,0,0,0,0,0,0,0,0
111,6660,1,2500,275000,0,0,0,0,0,0,0,0
112,6720,1,2500,277500,0,0,0,0,0,0,0,0
113,6780,1,2500,280000,0,0,0,0,0,0,0,0
114,6840,1,2500,282500,0,0,0,0,0,0,0,0
115,6900,1,2500,285000,0,0,0,0,0,0,0,0
116,6960,1,2500,287500,0,0,0,0,0,0,0,0
117,7020,1,2500,290000,0,0,0,0,0,0,0,0
118,7080,1,2500,292500,0,0,0,0,0,0,0,0
119,7140,1,2500,295000,0,0,0,0,0,0,0,0
120,7200,1,2500,297500,0,0,0,0,0,0,0,0
121,7260,1,2500,300000,0,0,0,0,0,0,0,0
122,7320,1,2500,302500,0,0,0,0,0,0,0,0
123,7380,1,2500,305000,0,0,0,0,0,0,0,0
124,7440,1,2500,307500,0,0,0,0,0,0,0,0
125,7500,1,2500,310000,0,0,0,0,0,0,0,0
126,7560,1,2500,312500,0,0,0,0,0,0,0,0
127,7620,1,2500,315000,0,0,0,0,0,0,0,0
128,7680,1,2500,317500,0,0,0,0,0,0,0,0
129,7740,1,2500,320000,0,0,0,0,0,0,0,0
130,7800,1,2500,322500,0,0,0,0,0,0,0,0
131,7860,1,2500,325000,0,0,0,0,0,0,0,0
132,7920,1,2500,327500,0,0,0,0,0,0,0,0
133,7980,1,2500,330000,0,0,0,0,0,0,0,0
134,8040,1,2500,332500,0,0,0,0,0,0,0,0
135,8100,1,2500,335000,0,0,0,0,0,0,0,0
136,8160,1,2500,337500,0,0,0,0,0,0,0,0
137,8220,1,2500,340000,0,0,0,0,0,0,0,0
138,8280,1,2500,342500,0,0,0,0,0,0,0,0
139,8340,1,2500,345000,0,0,0,0,0,0,0,0
140,8400,1,2500,347500,0,0,0,0,0,0,0,0
141,8460,1,2500,350000,0,0,0,0,0,0,0,0
142,8520,1,2500,352500,0,0,0,0,0,0,0,0
143,8580,1,2500,355000,0,0,0,0,0,0,0,0
144,8640,1,2500,357500,0,0,0,0,0,0,0,0
145,8700,1,2500,360000,0,0,0,0,0,0,0,0
146,8760,1,2500,362500,0,0,0,0,0,0,0,0
147,8820,1,2500,365000,0,0,0,0,0,0,0,0
148,8880,1,2500,367500,0,0,0,0,0,0,0,0
149,8940,1,2500,370000,0,0,0,0,0,0,0,0
150,9000,1,2500,372500,0,0,0,0,0,0,0,0
151,9060,1,2500,375000,0,0,0,0,0,0,0,0
152,9120,1,2500,377500,0,0,0,0,0,0,0,0
153,9180,1,2500,380000,0,0,0,0,0,0,0,0
154,9240,1,2500,382500,0,0,0,0,0,0,0,0
155,9300,1,2500,385000,0,0,0,0,0,0,0,0
156,9360,1,2500,387500,0,0,0,0,0,0,0,0
157,9420,1,2500,390000,0,0,0,0,0,0,0,0
158,9480,1,2500,392500,0,0,0,0,0,0,0,0
159,9540,1,2500,395000,0,0,0,0,0,0,0,0
160,9600,1,2500,397500,0,0,0,0,0,0,0,0
161,9660,1,2500,400000,0,0,0,0,0,0,0,0
162,9720,1,2500,402500,0,0,0,0,0,0,0,0
163,9780,1,2500,405000,0,0,0,0,0,0,0,0
164,9840,1,2500,407500,0,0,0,0,0,0,0,0
165,9900,1,2500,410000,0,0,0,0,0,0,0,0
166,9960,1,2500,412500,0,0,0,0,0,0,0,0
167,10020,1,2500,415000,0,0,0,0,0,0,0,0
168,10080,1,2500,417500,0,0,0,0,0,0,0,0
169,10140,1,2500,420000,0,0,0,0,0,0,0,0
170,10200,1,2500,422500,0,0,0,0,0,0,0,0
171,10260,1,2500,425000,0,0,0,0,0,0,0,0
172,10320,1,2500,427500,0,0,0,0,0,0,0,0
173,10380,1,2500,430000,0,0,0,0,0,0,0,0
174,10440,1,2500,432500,0,0,0,0,0,0,0,0
175,10500,1,2500,435000,0,0,0,0,0,0,0,0
176,10560,1,2500,437500,0,0,0,0,0,0,0,0
177,10620,1,2500,440000,0,0,0,0,0,0,0,0
178,10680,1,2500,442500,0,0,0,0,0,0,0,0
179,10740,1,2500,445000,0,0,0,0,0,0,0,0
180,10800,1,2500,447500,0,0,0,0,0,0,0,0
181,10860,1,2500,450000,0,0,0,0,0,0,0,0
182,10920,1,2500,452500,0,0,0,0,0,0,0,0
183,10980,1,2500,455000,0,0,0,0,0,0,0,0
184,11040,1,2500,457500,0,0,0,0,0,0,0,0
185,11100,1,2500,460000,0,0,0,0,0,0,0,0
186,11160,1,2500,462500,0,0,0,0,0,0,0,0
187,11220,1,2500,465000,0,0,0,0,0,0,0,0
188,11280,1,2500,467500,0,0,0,0,0,0,0,0
189,11340,1,2500,470000,0,0,0,0,0,0,0,0
190,11400,1,2500,472500,0,0,0,0,0,0,0,0
191,11460,1,2500,475000,0,0,0,0,0,0,0,0
192,11520,1,2500,477500,0,0,0,0,0,0,0,0
193,11580,1,2500,480000,0,0,0,0,0,0,0,0
194,11640,1,2500,482500,0,0,0,0,0,0,0,0
195,11700,1,2500,485000,0,0,0,0,0,0,0,0
196,11760,1,2500,487500,0,0,0,0,0,0,0,0
197,11820,1,2500,490000,0,0,0,0,0,0,0,0
198,11880,1,2500,492500,0,0,0,0,0,0,0,0
199,11940,1,2500,495000,0,0,0,0,0,0,0,0
200,12000,1,2500,497500,0,0,0,0,0,0,0,0
201,12060,1,2500,500000,0,0,0,0,0,0,0,0
202,12120,1,2500,502500,0,0,0,0,0,0,0,0
203,12180,1,2500,505000,0,0,0,0,0,0,0,0
204,12240,1,2500,507500,0,0,0,0,0,0,0,0
205,12300,1,2500,510000,0,0,0,0,0,0,0,0
206,12360,1,2500,512500,0,0,0,0,0,0,0,0
207,12420,1,2500,515000,0,0,0,0,0,0,0,0
208,12480,1,2500,517500,0,0,0,0,0,0,0,0
209,12540,1,2500,520000,0,0,0,0,0,0,0,0
210,12600,1,2500,522500,0,0,0,0,0,0,0,0
211,12660,1,2500,525000,0,0,0,0,0,0,0,0
212,12720,1,2500,527500,0,0,0,0,0,0,0,0
213,12780,1,2500,530000,0,0,0,0,0,0,0,0
214,12840,1,2500,532500,0,0,0,0,0,0,0,0
215,12900,1,2500,535000,0,0,0,0,0,0,0,0
216,12960,1,2500,537500,0,0,0,0,0,0,0,0
217,13020,1,2500,540000,0,0,0,0,0,0,0,0
218,13080,1,2500,542500,0,0,0,0,0,0,0,0
219,13140,1,2500,545000,0,0,0,0,0,0,0,0
220,13200,1,2500,547500,0,0,0,0,0,0,0,0
221,13260,1,2500,550000,0,0,0,0,0,0,0,0
222,13320,1,2500,552500,0,0,0,0,0,0,0,0
223,13380,1,2500,555000,0,0,0,0,0,0,0,0
224,13440,1,2500,557500,0,0,0,0,0,0,0,0
225,13500,1,2500,560000,0,0,0,0,0,0,0,0
226,13560,1,2500,562500,0,0,0,0,0,0,0,0
227,13620,1,2500,565000,0,0,0,0,0,0,0,0
228,13680,1,2500,567500,0,0,0,0,0,0,0,0
229,13740,1,2500,570000,0,0,0,0,0,0,0,0
230,13800,1,2500,572500,0,0,0,0,0,0,0,0
231,13860,1,2500,575000,0,0,0,0,0,0,0,0
232,13920,1,2500,577500,0,0,0,0,0,0,0,0
233,13980,1,2500,580000,0,0,0,0,0,0,0,0
234,14040,1,2500,582500,0,0,0,0,0,0,0,0
235,14100,1,2500,585000,0,0,0,0,0,0,0,0
236,14160,1,2500,587500,0,0,0,0,0,0,0,0
237,14220,1,2500,590000,0,0,0,0,0,0,0,0
238,14280,1,2500,592500,0,0,0,0,0,0,0,0
239,14340,1,2500,595000,0,0,0,0,0,0,0,0
240,14400,1,2500,597500,0,0,0,0,0,0,0,0
241,14460,1,2500,600000,0,0,0,0,0,0,0,0
242,14520,1,2500,602500,0,0,0,0,0,0,0,0
243,14580,1,2500,605000,0,0,0,0,0,0,0,0
244,14640,1,2500,607500,0,0,0,0,0,0,0,0
245,14700,1,2500,610000,0,0,0,0,0,0,0,0
246,14760,1,2500,612500,0,0,0,0,0,0,0,0
247,14820,1,2500,615000,0,0,0,0,0,0,0,0
248,14880,1,2500,617500,0,0,0,0,0,0,0,0
249,14940,1,2500,620000,0,0,0,0,0,0,0,0
250,15000,1,2500,622500,0,0,0,0,0,0,0,0
251,15060,1,2500,625000,0,0,0,0,0,0,0,0
252,15120,1,2500,627500,0,0,0,0,0,0,0,0
253,15180,1,2500,630000,0,0,0,0,0,0,0,0
254,15240,1,2500,632500,0,0,0,0,0,0,0,0
255,15300,1,2500,635000,0,0,0,0,0,0,0,0
256,15360,1,2500,637500,0,0,0,0,0,0,0,0
257,15420,1,2500,640000,0,0,0,0,0,0,0,0
258,15480,1,2500,642500,0,0,0,0,0,0,0,0
259,15540,1,2500,645000,0,0,0,0,0,0,0,0
260,15600,1,2500,647500,0,0,0,0,0,0,0,0
261,15660,1,2500,650000,0,0,0,0,0,0,0,0
262,15720,1,2500,652500,0,0,0,0,0,0,0,0
263,15780,1,2500,655000,0,0,0,0,0,0,0,0
264,15840,1,2500,657500,0,0,0,0,0,0,0,0
265,15900,1,2500,660000,0,0,0,0,0,0,0,0
266,15960,1,2500,662500,0,0,0,0,0,0,0,0
267,16020,1,2500,665000,0,0,0,0,0,0,0,0
268,16080,1,2500,667500,0,0,0,0,0,0,0,0
269,16140,1,2500,670000,0,0,0,0,0,0,0,0
270,16200,1,2500,672500,0,0,0,0,0,0,0,0
271,16260,1,2500,675000,0,0,0,0,0,0,0,0
272,16320,1,2500,677500,0,0,0,0,0,0,0,0
273,16380,1,2500,680000,0,0,0,0,0,0,0,0
274,16440,1,2500,682500,0,0,0,0,0,0,0,0
275,16500,1,2500,685000,0,0,0,0,0,0,0,0
276,16560,1,2500,687500,0,0,0,0,0,0,0,0
277,16620,1,2500,690000,0,0,0,0,0,0,0,0
278,16680,1,2500,692500,0,0,0,0,0,0,0,0
279,16740,1,2500,695000,0,0,0,0,0,0,0,0
280,16800,1,2500,697500,0,0,0,0,0,0,0,0
281,16860,1,2500,700000,0,0,0,0,0,0,0,0
282,16920,1,2500,702500,0,0,0,0,0,0,0,0
283,16980,1,2500,705000,0,0,0,0,0,0,0,0
284,17040,1,2500,707500,0,0,0,0,0,0,0,0
285,17100,1,2500,710000,0,0,0,0,0,0,0,0
286,17160,1,2500,712500,0,0,0,0,0,0,0,0
287,17220,1,2500,715000,0,0,0,0,0,0,0,0
288,17280,1,2500,717500,0,0,0,0,0,0,0,0
289,17340,1,2500,720000,0,0,0,0,0,0,0,0
290,17400,1,2500,722500,0,0,0,0,0,0,0,0
291,17460,1,2500,725000,0,0,0,0,0,0,0,0
292,17520,1,2500,727500,0,0,0,0,0,0,0,0
293,17580,1,2500,730000,0,0,0,0,0,0,0,0
294,17640,1,2500,732500,0,0,0,0,0,0,0,0
295,17700,1,2500,735000,0,0,0,0,0,0,0,0
296,17760,1,2500,737500,0,0,0,0,0,0,0,0
297,17820,1,2500,740000,0,0,0,0,0,0,0,0
298,17880,1,2500,742500,0,0,0,0,0,0,0,0
299,17940,1,2500,745000,0,0,0,0,0,0,0,0
300,18000,1,2500,747500,0,0,0,0,0,0,0,0
301,18060,1,2500,750000,0,0,0,0,0,0,0,0
302,18120,1,2500,752500,0,0,0,0,0,0,0,0
303,18180,1,2500,755000,0,0,0,0,0,0,0,0
304,18240,1,2500,757500,0,0,0,0,0,0,0,0
305,18300,1,2500,760000,0,0,0,0,0,0,0,0
306,18360,1,2500,762500,0,0,0,0,0,0,0,0
307,18420,1,2500,765000,0,0,0,0,0,0,0,0
308,18480,1,2500,767500,0,0,0,0,0,0,0,0
309,18540,1,2500,770000,0,0,0,0,0,0,0,0
310,18600,1,2500,772500,0,0,0,0,0,0,0,0
311,18660,1,2500,775000,0,0,0,0,0,0,0,0
312,18720,1,2500,777500,0,0,0,0,0,0,0,0
313,18780,1,2500,780000,0,0,0,0,0,0,0,0
314,18840,1,2500,782500,0,0,0,0,0,0,0,0
315,18900,1,2500,785000,0,0,0,0,0,0,0,0
316,18960,1,2500,787500,0,0,0,0,0,0,0,0
317,19020,1,2500,790000,0,0,0,0,0,0,0,0
318,19080,1,2500,792500,0,0,0,0,0,0,0,0
319,19140,1,2500,795000,0,0,0,0,0,0,0,0
320,19200,1,2500,797500,0,0,0,0,0,0,0,0
321,19260,1,2500,800000,0,0,0,0,0,0,0,0
322,19320,1,2500,802500,0,0,0,0,0,0,0,0
323,19380,1,2500,805000,0,0,0,0,0,0,0,0
324,19440,1,2500,807500,0,0,0,0,0,0,0,0
325,19500,1,2500,810000,0,0,0,0,0,0,0,0
326,19560,1,2500,812500,0,0,0,0,0,0,0,0
327,19620,1,2500,815000,0,0,0,0,0,0,0,0
328,19680,1,2500,817500,0,0,0,0,0,0,0,0
329,19740,1,2500,820000,0,0,0,0,0,0,0,0
330,19800,1,2500,822500,0,0,0,0,0,0,0,0
331,19860,1,2500,825000,0,0,0,0,0,0,0,0
332,19920,1,2500,827500,0,0,0,0,0,0,0,0
333,19980,1,2500,830000,0,0,0,0,0,0,0,0
334,20040,1,2500,832500,0,0,0,0,0,0,0,0
335,20100,1,2500,835000,0,0,0,0,0,0,0,0
336,20160,1,2500,837500,0,0,0,0,0,0,0,0
337,20220,1,2500,840000,0,0,0,0,0,0,0,0
338,20280,1,2500,842500,0,0,0,0,0,0,0,0
339,20340,1,2500,845000,0,0,0,0,0,0,0,0
340,20400,1,2500,847500,0,0,0,0,0,0,0,0
341,20460,1,2500,850000,0,0,0,0,0,0,0,0
342,20520,1,2500,852500,0,0,0,0,0,0,0,0
343,20580,1,2500,855000,0,0,0,0,0,0,0,0
344,20640,1,2500,857500,0,0,0,0,0,0,0,0
345,20700,1,2500,860000,0,0,0,0,0,0,0,0
346,20760,1,2500,862500,0,0,0,0,0,0,0,0
347,20820,1,2500,865000,0,0,0,0,0,0,0,0
348,20880,1,2500,867500,0,0,0,0,0,0,0,0
349,20940,1,2500,870000,0,0,0,0,0,0,0,0
350,21000,1,2500,872500,0,0,0,0,0,0,0,0
351,21060,1,2500,875000,0,0,0,0,0,0,0,0
352,21120,1,2500,877500,0,0,0,0,0,0,0,0
353,21180,1,2500,880000,0,0,0,0,0,0,0,0
354,21240,1,2500,882500,0,0,0,0,0,0,0,0
355,21300,1,2500,885000,0,0,0,0,0,0,0,0
356,21360,1,2500,887500,0,0,0,0,0,0,0,0
357,21420,1,2500,890000,0,0,0,0,0,0,0,0
358,21480,1,2500,892500,0,0,0,0,0,0,0,0
359,21540,1,2500,895000,0,0,0,0,0,0,0,0
360,21600,1,2500,897500,0,0,0,0,0,0,0,0
361,21660,1,2500,900000,0,0,0,0,0,0,0,0
362,21720,1,2500,902500,0,0,0,0,0,0,0,0
363,21780,1,2500,905000,0,0,0,0,0,0,0,0
364,21840,1,2500,907500,0,0,0,0,0,0,0,0
365,21900,1,2500,910000,0,0,0,0,0,0,0,0
366,21960,1,2500,912500,0,0,0,0,0,0,0,0
367,22020,1,2500,915000,0,0,0,0,0,0,0,0
368,22080,1,2500,917500,0,0,0,0,0,0,0,0
369,22140,1,2500,920000,0,0,0,0,0,0,0,0
370,22200,1,2500,922500,0,0,0,0,0,0,0,0
371,22260,1,2500,925000,0,0,0,0,0,0,0,0
372,22320,1,2500,927500,0,0,0,0,0,0,0,0
373,22380,1,2500,930000,0,0,0,0,0,0,0,0
374,22440,1,2500,932500,0,0,0,0,0,0,0,0
375,22500,1,2500,935000,0,0,0,0,0,0,0,0
376,22560,1,2500,937500,0,0,0,0,0,0,0,0
377,22620,1,2500,940000,0,0,0,0,0,0,0,0
378,22680,1,2500,942500,0,0,0,0,0,0,0,0
379,22740,1,2500,945000,0,0,0,0,0,0,0,0
380,22800,1,2500,947500,0,0,0,0,0,0,0,0
381,22860,1,2500,950000,0,0,0,0,0,0,0,0
382,22920,1,2500,952500,0,0,0,0,0,0,0,0
383,22980,1,2500,955000,0,0,0,0,0,0,0,0
384,23040,1,2500,957500,0,0,0,0,0,0,0,0
385,23100,1,2500,960000,0,0,0,0,0,0,0,0
386,23160,1,2500,962500,0,0,0,0,0,0,0,0
387,23220,1,2500,965000,0,0,0,0,0,0,0,0
388,23280,1,2500,967500,0,0,0,0,0,0,0,0
389,23340,1,2500,970000,0,0,0,0,0,0,0,0
390,23400,1,2500,972500,0,0,0,0,0,0,0,0
391,23460,1,2500,975000,0,0,0,0,0,0,0,0
392,23520,1,2500,977500,0,0,0,0,0,0,0,0
393,23580,1,2500,980000,0,0,0,0,0,0,0,0
394,23640,1,2500,982500,0,0,0,0,0,0,0,0
395,23700,1,2500,985000,0,0,0,0,0,0,0,0
396,23760,1,2500,987500,0,0,0,0,0,0,0,0
397,23820,1,2500,990000,0,0,0,0,0,0,0,0
398,23880,1,2500,992500,0,0,0,0,0,0,0,0
399,23940,1,2500,995000,0,0,0,0,0,0,0,0
400,24000,1,2500,997500,0,0,0,0,0,0,0,0
401,24060,1,2500,1e+06,0,0,0,0,0,0,0,0
402,24120,1,2500,1.0025e+06,0,0,0,0,0,0,0,0
403,24180,1,2500,1.005e+06,0,0,0,0,0,0,0,0
404,24240,1,2500,1.0075e+06,0,0,0,0,0,0,0,0
405,24300,1,2500,1.01e+06,0,0,0,0,0,0,0,0
406,24360,1,2500,1.0125e+06,0,0,0,0,0,0,0,0
407,24420,1,2500,1.015e+06,0,0,0,0,0,0,0,0
408,24480,1,2500,1.0175e+06,0,0,0,0,0,0,0,0
409,24540,1,2500,1.02e+06,0,0,0,0,0,0,0,0
410,24600,1,2500,1.0225e+06,0,0,0,0,0,0,0,0
411,24660,1,2500,1.025e+06,0,0,0,0,0,0,0,0
412,24720,1,2500,1.0275e+06,0,0,0,0,0,0,0,0
413,24780,1,2500,1.03e+06,0,0,0,0,0,0,0,0
414,24840,1,2500,1.0325e+06,0,0,0,0,0,0,0,0
415,24900,1,2500,1.035e+06,0,0,0,0,0,0,0,0
416,24960,1,2500,1.0375e+06,0,0,0,0,0,0,0,0
417,25020,1,2500,1.04e+06,0,0,0,0,0,0,0,0
418,25080,1,2500,1.0425e+06,0,0,0,0,0,0,0,0
419,25140,1,2500,1.045e+06,0,0,0,0,0,0,0,0
420,25200,1,2500,1.0475e+06,0,0,0,0,0,0,0,0
421,25260,1,2500,1.05e+06,0,0,0,0,0,0,0,0
422,25320,1,2500,1.0525e+06,0,0,0,0,0,0,0,0
423,25380,1,2500,1.055e+06,0,0,0,0,0,0,0,0
424,25440,1,2500,1.0575e+06,0,0,0,0,0,0,0,0
425,25500,1,2500,1.06e+06,0,0,0,0,0,0,0,0
426,25560,1,2500,1.0625e+06,0,0,0,0,0,0,0,0
427,25620,1,2500,1.065e+06,0,0,0,0,0,0,0,0
428,25680,1,2500,1.0675e+06,0,0,0,0,0,0,0,0
429,25740,1,2500,1.07e+06,0,0,0,0,0,0,0,0
430,25800,1,2500,1.0725e+06,0,0,0,0,0,0,0,0
431,25860,1,2500,1.075e+06,0,0,0,0,0,0,0,0
432,25920,1,2500,1.0775e+06,0,0,0,0,0,0,0,0
433,25980,1,2500,1.08e+06,0,0,0,0,0,0,0,0
434,26040,1,2500,1.0825e+06,0,0,0,0,0,0,0,0
435,26100,1,2500,1.085e+06,0,0,0,0,0,0,0,0
436,26160,1,2500,1.0875e+06,0,0,0,0,0,0,0,0
437,26220,1,2500,1.09e+06,0,0,0,0,0,0,0,0
438,26280,1,2500,1.0925e+06,0,0,0,0,0,0,0,0
439,26340,1,2500,1.095e+06,0,0,0,0,0,0,0,0
440,26400,1,2500,1.0975e+06,0,0,0,0,0,0,0,0
441,26460,1,2500,1.1e+06,0,0,0,0,0,0,0,0
442,26520,1,2500,1.1025e+06,0,0,0,0,0,0,0,0
443,26580,1,2500,1.105e+06,0,0,0,0,0,0,0,0
444,26640,1,2500,1.1075e+06,0,0,0,0,0,0,0,0
445,26700,1,2500,1.11e+06,0,0,0,0,0,0,0,0
446,26760,1,2500,1.1125e+06,0,0,0,0,0,0,0,0
447,26820,1,2500,1.115e+06,0,0,0,0,0,0,0,0
448,26880,1,2500,1.1175e+06,0,0,0,0,0,0,0,0
449,26940,1,2500,1.12e+06,0,0,0,0,0,0,0,0
450,27000,1,2500,1.1225e+06,0,0,0,0,0,0,0,0
451,27060,1,2500,1.125e+06,0,0,0,0,0,0,0,0
452,27120,1,2500,1.1275e+06,0,0,0,0,0,0,0,0
453,27180,1,2500,1.13e+06,0,0,0,0,0,0,0,0
454,27240,1,2500,1.1325e+06,0,0,0,0,0,0,0,0
455,27300,1,2500,1.135e+06,0,0,0,0,0,0,0,0
456,27360,1,2500,1.1375e+06,0,0,0,0,0,0,0,0
457,27420,1,2500,1.14e+06,0,0,0,0,0,0,0,0
458,27480,1,2500,1.1425e+06,0,0,0,0,0,0,0,0
459,27540,1,2500,1.145e+06,0,0,0,0,0,0,0,0
460,27600,1,2500,1.1475e+06,0,0,0,0,0,0,0,0
461,27660,1,2500,1.15e+06,0,0,0,0,0,0,0,0
462,27720,1,2500,1.1525e+06,0,0,0,0,0,0,0,0
463,27780,1,2500,1.155e+06,0,0,0,0,0,0,0,0
464,27840,1,2500,1.1575e+06,0,0,0,0,0,0,0,0
465,27900,1,2500,1.16e+06,0,0,0,0,0,0,0,0
466,27960,1,2500,1.1625e+06,0,0,0,0,0,0,0,0
467,28020,1,2500,1.165e+06,0,0,0,0,0,0,0,0
468,28080,1,2500,1.1675e+06,0,0,0,0,0,0,0,0
469,28140,1,2500,1.17e+06,0,0,0,0,0,0,0,0
470,28200,1,2500,1.1725e+06,0,0,0,0,0,0,0,0
471,28260,1,2500,1.175e+06,0,0,0,0,0,0,0,0
472,28320,1,2500,1.1775e+06,0,0,0,0,0,0,0,0
473,28380,1,2500,1.18e+06,0,0,0,0,0,0,0,0
474,28440,1,2500,1.1825e+06,0,0,0,0,0,0,0,0
475,28500,1,2500,1.185e+06,0,0,0,0,0,0,0,0
476,28560,1,2500,1.1875e+06,0,0,0,0,0,0,0,0
477,28620,1,2500,1.19e+06,0,0,0,0,0,0,0,0
478,28680,1,2500,1.1925e+06,0,0,0,0,0,0,0,0
479,28740,1,2500,1.195e+06,0,0,0,0,0,0,0,0
480,28800,1,2500,1.1975e+06,0,0,0,0,0,0,0,0
481,28860,1,2500,1.2e+06,0,0,0,0,0,0,0,0
482,28920,1,2500,1.2025e+06,0,0,0,0,0,0,0,0
483,28980,1,2500,1.205e+06,0,0,0,0,0,0,0,0
484,29040,1,2500,1.2075e+06,0,0,0,0,0,0,0,0
485,29100,1,2500,1.21e+06,0,0,0,0,0,0,0,0
486,29160,1,2500,1.2125e+06,0,0,0,0,0,0,0,0
487,29220,1,2500,1.215e+06,0,0,0,0,0,0,0,0
488,29280,1,2500,1.2175e+06,0,0,0,0,0,0,0,0
489,29340,1,2500,1.22e+06,0,0,0,0,0,0,0,0
490,29400,1,2500,1.2225e+06,0,0,0,0,0,0,0,0
491,29460,1,2500,1.225e+06,0,0,0,0,0,0,0,0
492,29520,1,2500,1.2275e+06,0,0,0,0,0,0,0,0
493,29580,1,2500,1.23e+06,0,0,0,0,0,0,0,0
494,29640,1,2500,1.2325e+06,0,0,0,0,0,0,0,0
495,29700,1,2500,1.235e+06,0,0,0,0,0,0,0,0
496,29760,1,2500,1.2375e+06,0,0,0,0,0,0,0,0
497,29820,1,2500,1.24e+06,0,0,0,0,0,0,0,0
498,29880,1,2500,1.2425e+06,0,0,0,0,0,0,0,0
499,29940,1,2500,1.245e+06,0,0,0,0,0,0,0,0
500,30000,1,2500,1.2475e+06,0,0,0,0,0,0,0,0
501,30060,1,2500,1.25e+06,0,0,0,0,0,0,0,0
502,30120,1,2500,1.2525e+06,0,0,0,0,0,0,0,0
503,30180,1,2500,1.255e+06,0,0,0,0,0,0,0,0
504,30240,1,2500,1.2575e+06,0,0,0,0,0,0,0,0
505,30300,1,2500,1.26e+06,0,0,0,0,0,0,0,0
506,30360,1,2500,1.2625e+06,0,0,0,0,0,0,0,0
507,30420,1,2500,1.265e+06,0,0,0,0,0,0,0,0
508,30480,1,2500,1.2675e+06,0,0,0,0,0,0,0,0
509,30540,1,2500,1.27e+06,0,0,0,0,0,0,0,0
510,30600,1,2500,1.2725e+06,0,0,0,0,0,0,0,0
511,30660,1,2500,1.275e+06,0,0,0,0,0,0,0,0
512,30720,1,2500,1.2775e+06,0,0,0,0,0,0,0,0
513,30780,1,2500,1.28e+06,0,0,0,0,0,0,0,0
514,30840,1,2500,1.2825e+06,0,0,0,0,0,0,0,0
515,30900,1,2500,1.285e+06,0,0,0,0,0,0,0,0
516,30960,1,2500,1.2875e+06,0,0,0,0,0,0,0,0
517,31020,1,2500,1.29e+06,0,0,0,0,0,0,0,0
518,31080,1,2500,1.2925e+06,0,0,0,0,0,0,0,0
519,31140,1,2500,1.295e+06,0,0,0,0,0,0,0,0
520,31200,1,2500,1.2975e+06,0,0,0,0,0,0,0,0
521,31260,1,2500,1.3e+06,0,0,0,0,0,0,0,0
522,31320,1,2500,1.3025e+06,0,0,0,0,0,0,0,0
523,31380,1,2500,1.305e+06,0,0,0,0,0,0,0,0
524,31440,1,2500,1.3075e+06,0,0,0,0,0,0,0,0
525,31500,1,2500,1.31e+06,0,0,0,0,0,0,0,0
526,31560,1,2500,1.3125e+06,0,0,0,0,0,0,0,0
527,31620,1,2500,1.315e+06,0,0,0,0,0,0,0,0
528,31680,1,2500,1.3175e+06,0,0,0,0,0,0,0,0
529,31740,1,2500,1.32e+06,0,0,0,0,0,0,0,0
530,31800,1,2500,1.3225e+06,0,0,0,0,0,0,0,0
531,31860,1,2500,1.325e+06,0,0,0,0,0,0,0,0
532,31920,1,2500,1.3275e+06,0,0,0,0,0,0,0,0
533,31980,1,2500,1.33e+06,0,0,0,0,0,0,0,0
534,32040,1,2500,1.3325e+06,0,0,0,0,0,0,0,0
535,32100,1,2500,1.335e+06,0,0,0,0,0,0,0,0
536,32160,1,2500,1.3375e+06,0,0,0,0,0,0,0,0
537,32220,1,2500,1.34e+06,0,0,0,0,0,0,0,0
538,32280,1,2500,1.3425e+06,0,0,0,0,0,0,0,0
539,32340,1,2500,1.345e+06,0,0,0,0,0,0,0,0
540,32400,1,2500,1.3475e+06,0,0,0,0,0,0,0,0
541,32460,1,2500,1.35e+06,0,0,0,0,0,0,0,0
542,32520,1,2500,1.3525e+06,0,0,0,0,0,0,0,0
543,32580,1,2500,1.355e+06,0,0,0,0,0,0,0,0
544,32640,1,2500,1.3575e+06,0,0,0,0,0,0,0,0
545,32700,1,2500,1.36e+06,0,0,0,0,0,0,0,0
546,32760,1,2500,1.3625e+06,0,0,0,0,0,0,0,0
547,32820,1,2500,1.365e+06,0,0,0,0,0,0,0,0
548,32880,1,2500,1.3675e+06,0,0,0,0,0,0,0,0
549,32940,1,2500,1.37e+06,0,0,0,0,0,0,0,0
550,33000,1,2500,1.3725e+06,0,0,0,0,0,0,0,0
551,33060,1,2500,1.375e+06,0,0,0,0,0,0,0,0
552,33120,1,2500,1.3775e+06,0,0,0,0,0,0,0,0
553,33180,1,2500,1.38e+06,0,0,0,0,0,0,0,0
554,33240,1,2500,1.3825e+06,0,0,0,0,0,0,0,0
555,33300,1,2500,1.385e+06,0,0,0,0,0,0,0,0
556,33360,1,2500,1.3875e+06,0,0,0,0,0,0,0,0
557,33420,1,2500,1.39e+06,0,0,0,0,0,0,0,0
558,33480,1,2500,1.3925e+06,0,0,0,0,0,0,0,0
559,33540,1,2500,1.395e+06,0,0,0,0,0,0,0,0
560,33600,1,2500,1.3975e+06,0,0,0,0,0,0,0,0
561,33660,1,2500,1.4e+06,0,0,0,0,0,0,0,0
562,33720,1,2500,1.4025e+06,0,0,0,0,0,0,0,0
563,33780,1,2500,1.405e+06,0,0,0,0,0,0,0,0
564,33840,1,2500,1.4075e+06,0,0,0,0,0,0,0,0
565,33900,1,2500,1.41e+06,0,0,0,0,0,0,0,0
566,33960,1,2500,1.4125e+06,0,0,0,0,0,0,0,0
567,34020,1,2500,1.415e+06,0,0,0,0,0,0,0,0
568,34080,1,2500,1.4175e+06,0,0,0,0,0,0,0,0
569,34140,1,2500,1.42e+06,0,0,0,0,0,0,0,0
570,34200,1,2500,1.4225e+06,0,0,0,0,0,0,0,0
571,34260,1,2500,1.425e+06,0,0,0,0,0,0,0,0
572,34320,1,2500,1.4275e+06,0,0,0,0,0,0,0,0
573,34380,1,2500,1.43e+06,0,0,0,0,0,0,0,0
574,34440,1,2500,1.4325e+06,0,0,0,0,0,0,0,0
575,34500,1,2500,1.435e+06,0,0,0,0,0,0,0,0
576,34560,1,2500,1.4375e+06,0,0,0,0,0,0,0,0
577,34620,1,2500,1.44e+06,0,0,0,0,0,0,0,0
578,34680,1,2500,1.4425e+06,0,0,0,0,0,0,0,0
579,34740,1,2500,1.445e+06,0,0,0,0,0,0,0,0
580,34800,1,2500,1.4475e+06,0,0,0,0,0,0,0,0
581,34860,1,2500,1.45e+06,0,0,0,0,0,0,0,0
582,34920,1,2500,1.4525e+06,0,0,0,0,0,0,0,0
583,34980,1,2500,1.455e+06,0,0,0,0,0,0,0,0
584,35040,1,2500,1.4575e+06,0,0,0,0,0,0,0,0
585,35100,1,2500,1.46e+06,0,0,0,0,0,0,0,0
586,35160,1,2500,1.4625e+06,0,0,0,0,0,0,0,0
587,35220,1,2500,1.465e+06,0,0,0,0,0,0,0,0
588,35280,1,2500,1.4675e+06,0,0,0,0,0,0,0,0
589,35340,1,2500,1.47e+06,0,0,0,0,0,0,0,0
590,35400,1,2500,1.4725e+06,0,0,0,0,0,0,0,0
591,35460,1,2500,1.475e+06,0,0,0,0,0,0,0,0
592,35520,1,2500,1.4775e+06,0,0,0,0,0,0,0,0
593,35580,1,2500,1.48e+06,0,0,0,0,0,0,0,0
594,35640,1,2500,1.4825e+06,0,0,0,0,0,0,0,0
595,35700,1,2500,1.485e+06,0,0,0,0,0,0,0,0
596,35760,1,2500,1.4875e+06,0,0,0,0,0,0,0,0
597,35820,1,2500,1.49e+06,0,0,0,0,0,0,0,0
598,35880,1,2500,1.4925e+06,0,0,0,0,0,0,0,0
599,35940,1,2500,1.495e+06,0,0,0,0,0,0,0,0
600,36000,1,2500,1.4975e+06,0,0,0,0,0,0,0,0
601,36060,1,2500,1.5e+06,0,0,0,0,0,0,0,0
602,36120,1,2500,1.5025e+06,0,0,0,0,0,0,0,0
603,36180,1,2500,1.505e+06,0,0,0,0,0,0,0,0
604,36240,1,2500,1.5075e+06,0,0,0,0,0,0,0,0
605,36300,1,2500,1.51e+06,0,0,0,0,0,0,0,0
606,36360,1,2500,1.5125e+06,0,0,0,0,0,0,0,0
607,36420,1,2500,1.515e+06,0,0,0,0,0,0,0,0
608,36480,1,2500,1.5175e+06,0,0,0,0,0,0,0,0
609,36540,1,2500,1.52e+06,0,0,0,0,0,0,0,0
610,36600,1,2500,1.5225e+06,0,0,0,0,0,0,0,0
611,36660,1,2500,1.525e+06,0,0,0,0,0,0,0,0
612,36720,1,2500,1.5275e+06,0,0,0,0,0,0,0,0
613,36780,1,2500,1.53e+06,0,0,0,0,0,0,0,0
614,36840,1,2500,1.5325e+06,0,0,0,0,0,0,0,0
615,36900,1,2500,1.535e+06,0,0,0,0,0,0,0,0
616,36960,1,2500,1.5375e+06,0,0,0,0,0,0,0,0
617,37020,1,2500,1.54e+06,0,0,0,0,0,0,0,0
618,37080,1,2500,1.5425e+06,0,0,0,0,0,0,0,0
619,37140,1,2500,1.545e+06,0,0,0,0,0,0,0,0
620,37200,1,2500,1.5475e+06,0,0,0,0,0,0,0,0
621,37260,1,2500,1.55e+06,0,0,0,0,0,0,0,0
622,37320,1,2500,1.5525e+06,0,0,0,0,0,0,0,0
623,37380,1,2500,1.555e+06,0,0,0,0,0,0,0,0
624,37440,1,2500,1.5575e+06,0,0,0,0,0,0,0,0
625,37500,1,2500,1.56e+06,0,0,0,0,0,0,0,0
626,37560,1,2500,1.5625e+06,0,0,0,0,0,0,0,0
627,37620,1,2500,1.565e+06,0,0,0,0,0,0,0,0
628,37680,1,2500,1.5675e+06,0,0,0,0,0,0,0,0
629,37740,1,2500,1.57e+06,0,0,0,0,0,0,0,0
630,37800,1,2500,1.5725e+06,0,0,0,0,0,0,0,0
631,37860,1,2500,1.575e+06,0,0,0,0,0,0,0,0
632,37920,1,2500,1.5775e+06,0,0,0,0,0,0,0,0
633,37980,1,2500,1.58e+06,0,0,0,0,0,0,0,0
634,38040,1,2500,1.5825e+06,0,0,0,0,0,0,0,0
635,38100,1,2500,1.585e+06,0,0,0,0,0,0,0,0
636,38160,1,2500,1.5875e+06,0,0,0,0,0,0,0,0
637,38220,1,2500,1.59e+06,0,0,0,0,0,0,0,0
638,38280,1,2500,1.5925e+06,0,0,0,0,0,0,0,0
639,38340,1,2500,1.595e+06,0,0,0,0,0,0,0,0
640,38400,1,2500,1.5975e+06,0,0,0,0,0,0,0,0
641,38460,1,2500,1.6e+06,0,0,0,0,0,0,0,0
642,38520,1,2500,1.6025e+06,0,0,0,0,0,0,0,0
643,38580,1,2500,1.605e+06,0,0,0,0,0,0,0,0
644,38640,1,2500,1.6075e+06,0,0,0,0,0,0,0,0
645,38700,1,2500,1.61e+06,0,0,0,0,0,0,0,0
646,38760,1,2500,1.6125e+06,0,0,0,0,0,0,0,0
647,38820,1,2500,1.615e+06,0,0,0,0,0,0,0,0
648,38880,1,2500,1.6175e+06,0,0,0,0,0,0,0,0
649,38940,1,2500,1.62e+06,0,0,0,0,0,0,0,0
650,39000,1,2500,1.6225e+06,0,0,0,0,0,0,0,0
651,39060,1,2500,1.625e+06,0,0,0,0,0,0,0,0
652,39120,1,2500,1.6275e+06,0,0,0,0,0,0,0,0
653,39180,1,2500,1.63e+06,0,0,0,0,0,0,0,0
654,39240,1,2500,1.6325e+06,0,0,0,0,0,0,0,0
655,39300,1,2500,1.635e+06,0,0,0,0,0,0,0,0
656,39360,1,2500,1.6375e+06,0,0,0,0,0,0,0,0
657,39420,1,2500,1.64e+06,0,0,0,0,0,0,0,0
658,39480,1,2500,1.6425e+06,0,0,0,0,0,0,0,0
659,39540,1,2500,1.645e+06,0,0,0,0,0,0,0,0
660,39600,1,2500,1.6475e+06,0,0,0,0,0,0,0,0
661,39660,1,2500,1.65e+06,0,0,0,0,0,0,0,0
662,39720,1,2500,1.6525e+06,0,0,0,0,0,0,0,0
663,39780,1,2500,1.655e+06,0,0,0,0,0,0,0,0
664,39840,1,2500,1.6575e+06,0,0,0,0,0,0,0,0
665,39900,1,2500,1.66e+06,0,0,0,0,0,0,0,0
666,39960,1,2500,1.6625e+06,0,0,0,0,0,0,0,0
667,40020,1,2500,1.665e+06,0,0,0,0,0,0,0,0
668,40080,1,2500,1.6675e+06,0,0,0,0,0,0,0,0
669,40140,1,2500,1.67e+06,0,0,0,0,0,0,0,0
670,40200,1,2500,1.6725e+06,0,0,0,0,0,0,0,0
671,40260,1,2500,1.675e+06,0,0,0,0,0,0,0,0
672,40320,1,2500,1.6775e+06,0,0,0,0,0,0,0,0
673,40380,1,2500,1.68e+06,0,0,0,0,0,0,0,0
674,40440,1,2500,1.6825e+06,0,0,0,0,0,0,0,0
675,40500,1,2500,1.685e+06,0,0,0,0,0,0,0,0
676,40560,1,2500,1.6875e+06,0,0,0,0,0,0,0,0
677,40620,1,2500,1.69e+06,0,0,0,0,0,0,0,0
678,40680,1,2500,1.6925e+06,0,0,0,0,0,0,0,0
679,40740,1,2500,1.695e+06,0,0,0,0,0,0,0,0
680,40800,1,2500,1.6975e+06,0,0,0,0,0,0,0,0
681,40860,1,2500,1.7e+06,0,0,0,0,0,0,0,0
682,40920,1,2500,1.7025e+06,0,0,0,0,0,0,0,0
683,40980,1,2500,1.705e+06,0,0,0,0,0,0,0,0
684,41040,1,2500,1.7075e+06,0,0,0,0,0,0,0,0
685,41100,1,2500,1.71e+06,0,0,0,0,0,0,0,0
686,41160,1,2500,1.7125e+06,0,0,0,0,0,0,0,0
687,41220,1,2500,1.715e+06,0,0,0,0,0,0,0,0
688,41280,1,2500,1.7175e+06,0,0,0,0,0,0,0,0
689,41340,1,2500,1.72e+06,0,0,0,0,0,0,0,0
690,41400,1,2500,1.7225e+06,0,0,0,0,0,0,0,0
691,41460,1,2500,1.725e+06,0,0,0,0,0,0,0,0
692,41520,1,2500,1.7275e+06,0,0,0,0,0,0,0,0
693,41580,1,2500,1.73e+06,0,0,0,0,0,0,0,0
694,41640,1,2500,1.7325e+06,0,0,0,0,0,0,0,0
695,41700,1,2500,1.735e+06,0,0,0,0,0,0,0,0
696,41760,1,2500,1.7375e+06,0,0,0,0,0,0,0,0
697,41820,1,2500,1.74e+06,0,0,0,0,0,0,0,0
698,41880,1,2500,1.7425e+06,0,0,0,0,0,0,0,0
699,41940,1,2500,1.745e+06,0,0,0,0,0,0,0,0
700,42000,1,2500,1.7475e+06,0,0,0,0,0,0,0,0
701,42060,1,2500,1.75e+06,0,0,0,0,0,0,0,0
702,42120,1,2500,1.7525e+06,0,0,0,0,0,0,0,0
703,42180,1,2500,1.755e+06,0,0,0,0,0,0,0,0
704,42240,1,2500,1.7575e+06,0,0,0,0,0,0,0,0
705,42300,1,2500,1.76e+06,0,0,0,0,0,0,0,0
706,42360,1,2500,1.7625e+06,0,0,0,0,0,0,0,0
707,42420,1,2500,1.765e+06,0,0,0,0,0,0,0,0
708,42480,1,2500,1.7675e+06,0,0,0,0,0,0,0,0
709,42540,1,2500,1.77e+06,0,0,0,0,0,0,0,0
710,42600,1,2500,1.7725e+06,0,0,0,0,0,0,0,0
711,42660,1,2500,1.775e+06,0,0,0,0,0,0,0,0
712,42720,1,2500,1.7775e+06,0,0,0,0,0,0,0,0
713,42780,1,2500,1.78e+06,0,0,0,0,0,0,0,0
714,42840,1,2500,1.7825e+06,0,0,0,0,0,0,0,0
715,42900,1,2500,1.785e+06,0,0,0,0,0,0,0,0
716,42960,1,2500,1.7875e+06,0,0,0,0,0,0,0,0
717,43020,1,2500,1.79e+06,0,0,0,0,0,0,0,0
718,43080,1,2500,1.7925e+06,0,0,0,0,0,0,0,0
719,43140,1,2500,1.795e+06,0,0,0,0,0,0,0,0
720,43200,1,2500,1.7975e+06,0,0,0,0,0,0,0,0
721,43260,1,2500,1.8e+06,0,0,0,0,0,0,0,0
722,43320,1,2500,1.8025e+06,0,0,0,0,0,0,0,0
723,43380,1,2500,1.805e+06,0,0,0,0,0,0,0,0
724,43440,1,2500,1.8075e+06,0,0,0,0,0,0,0,0
725,43500,1,2500,1.81e+06,0,0,0,0,0,0,0,0
726,43560,1,2500,1.8125e+06,0,0,0,0,0,0,0,0
727,43620,1,2500,1.815e+06,0,0,0,0,0,0,0,0
728,43680,1,2500,1.8175e+06,0,0,0,0,0,0,0,0
729,43740,1,2500,1.82e+06,0,0,0,0,0,0,0,0
730,43800,1,2500,1.8225e+06,0,0,0,0,0,0,0,0
731,43860,1,2500,1.825e+06,0,0,0,0,0,0,0,0
732,43920,1,2500,1.8275e+06,0,0,0,0,0,0,0,0
733,43980,1,2500,1.83e+06,0,0,0,0,0,0,0,0
734,44040,1,2500,1.8325e+06,0,0,0,0,0,0,0,0
735,44100,1,2500,1.835e+06,0,0,0,0,0,0,0,0
736,44160,1,2500,1.8375e+06,0,0,0,0,0,0,0,0
737,44220,1,2500,1.84e+06,0,0,0,0,0,0,0,0
738,44280,1,2500,1.8425e+06,0,0,0,0,0,0,0,0
739,44340,1,2500,1.845e+06,0,0,0,0,0,0,0,0
740,44400,1,2500,1.8475e+06,0,0,0,0,0,0,0,0
741,44460,1,2500,1.85e+06,0,0,0,0,0,0,0,0
742,44520,1,2500,1.8525e+06,0,0,0,0,0,0,0,0
743,44580,1,2500,1.855e+06,0,0,0,0,0,0,0,0
744,44640,1,2500,1.8575e+06,0,0,0,0,0,0,0,0
745,44700,1,2500,1.86e+06,0,0,0,0,0,0,0,0
746,44760,1,2500,1.8625e+06,0,0,0,0,0,0,0,0
747,44820,1,2500,1.865e+06,0,0,0,0,0,0,0,0
748,44880,1,2500,1.8675e+06,0,0,0,0,0,0,0,0
749,44940,1,2500,1.87e+06,0,0,0,0,0,0,0,0
750,45000,1,2500,1.8725e+06,0,0,0,0,0,0,0,0
751,45060,1,2500,1.875e+06,0,0,0,0,0,0,0,0
752,45120,1,2500,1.8775e+06,0,0,0,0,0,0,0,0
753,45180,1,2500,1.88e+06,0,0,0,0,0,0,0,0
754,45240,1,2500,1.8825e+06,0,0,0,0,0,0,0,0
755,45300,1,2500,1.885e+06,0,0,0,0,0,0,0,0
756,45360,1,2500,1.8875e+06,0,0,0,0,0,0,0,0
757,45420,1,2500,1.89e+06,0,0,0,0,0,0,0,0
758,45480,1,2500,1.8925e+06,0,0,0,0,0,0,0,0
759,45540,1,2500,1.895e+06,0,0,0,0,0,0,0,0
760,45600,1,2500,1.8975e+06,0,0,0,0,0,0,0,0
761,45660,1,2500,1.9e+06,0,0,0,0,0,0,0,0
762,45720,1,2500,1.9025e+06,0,0,0,0,0,0,0,0
763,45780,1,2500,1.905e+06,0,0,0,0,0,0,0,0
764,45840,1,2500,1.9075e+06,0,0,0,0,0,0,0,0
765,45900,1,2500,1.91e+06,0,0,0,0,0,0,0,0
766,45960,1,2500,1.9125e+06,0,0,0,0,0,0,0,0
767,46020,1,2500,1.915e+06,0,0,0,0,0,0,0,0
768,46080,1,2500,1.9175e+06,0,0,0,0,0,0,0,0
769,46140,1,2500,1.92e+06,0,0,0,0,0,0,0,0
770,46200,1,2500,1.9225e+06,0,0,0,0,0,0,0,0
771,46260,1,2500,1.925e+06,0,0,0,0,0,0,0,0
772,46320,1,2500,1.9275e+06,0,0,0,0,0,0,0,0
773,46380,1,2500,1.93e+06,0,0,0,0,0,0,0,0
774,46440,1,2500,1.9325e+06,0,0,0,0,0,0,0,0
775,46500,1,2500,1.935e+06,0,0,0,0,0,0,0,0
776,46560,1,2500,1.9375e+06,0,0,0,0,0,0,0,0
777,46620,1,2500,1.94e+06,0,0,0,0,0,0,0,0
778,46680,1,2500,1.9425e+06,0,0,0,0,0,0,0,0
779,46740,1,2500,1.945e+06,0,0,0,0,0,0,0,0
780,46800,1,2500,1.9475e+06,0,0,0,0,0,0,0,0
781,46860,1,2500,1.95e+06,0,0,0,0,0,0,0,0
782,46920,1,2500,1.9525e+06,0,0,0,0,0,0,0,0
783,46980,1,2500,1.955e+06,0,0,0,0,0,0,0,0
784,47040,1,2500,1.9575e+06,0,0,0,0,0,0,0,0
785,47100,1,2500,1.96e+06,0,0,0,0,0,0,0,0
786,47160,1,2500,1.9625e+06,0,0,0,0,0,0,0,0
787,47220,1,2500,1.965e+06,0,0,0,0,0,0,0,0
788,47280,1,2500,1.9675e+06,0,0,0,0,0,0,0,0
789,47340,1,2500,1.97e+06,0,0,0,0,0,0,0,0
790,47400,1,2500,1.9725e+06,0,0,0,0,0,0,0,0
791,47460,1,2500,1.975e+06,0,0,0,0,0,0,0,0
792,47520,1,2500,1.9775e+06,0,0,0,0,0,0,0,0
793,47580,1,2500,1.98e+06,0,0,0,0,0,0,0,0
794,47640,1,2500,1.9825e+06,0,0,0,0,0,0,0,0
795,47700,1,2500,1.985e+06,0,0,0,0,0,0,0,0
796,47760,1,2500,1.9875e+06,0,0,0,0,0,0,0,0
797,47820,1,2500,1.99e+06,0,0,0,0,0,0,0,0
798,47880,1,2500,1.9925e+06,0,0,0,0,0,0,0,0
799,47940,1,2500,1.995e+06,0,0,0,0,0,0,0,0
800,48000,1,2500,1.9975e+06,0,0,0,0,0,0,0,0
801,48060,1,2500,2e+06,0,0,0,0,0,0,0,0
802,48120,1,2500,2.0025e+06,0,0,0,0,0,0,0,0
803,48180,1,2500,2.005e+06,0,0,0,0,0,0,0,0
804,48240,1,2500,2.0075e+06,0,0,0,0,0,0,0,0
805,48300,1,2500,2.01e+06,0,0,0,0,0,0,0,0
806,48360,1,2500,2.0125e+06,0,0,0,0,0,0,0,0
807,48420,1,2500,2.015e+06,0,0,0,0,0,0,0,0
808,48480,1,2500,2.0175e+06,0,0,0,0,0,0,0,0
809,48540,1,2500,2.02e+06,0,0,0,0,0,0,0,0
810,48600,1,2500,2.0225e+06,0,0,0,0,0,0,0,0
811,48660,1,2500,2.025e+06,0,0,0,0,0,0,0,0
812,48720,1,2500,2.0275e+06,0,0,0,0,0,0,0,0
813,48780,1,2500,2.03e+06,0,0,0,0,0,0,0,0
814,48840,1,2500,2.0325e+06,0,0,0,0,0,0,0,0
815,48900,1,2500,2.035e+06,0,0,0,0,0,0,0,0
816,48960,1,2500,2.0375e+06,0,0,0,0,0,0,0,0
817,49020,1,2500,2.04e+06,0,0,0,0,0,0,0,0
818,49080,1,2500,2.0425e+06,0,0,0,0,0,0,0,0
819,49140,1,2500,2.045e+06,0,0,0,0,0,0,0,0
820,49200,1,2500,2.0475e+06,0,0,0,0,0,0,0,0
821,49260,1,2500,2.05e+06,0,0,0,0,0,0,0,0
822,49320,1,2500,2.0525e+06,0,0,0,0,0,0,0,0
823,49380,1,2500,2.055e+06,0,0,0,0,0,0,0,0
824,49440,1,2500,2.0575e+06,0,0,0,0,0,0,0,0
825,49500,1,2500,2.06e+06,0,0,0,0,0,0,0,0
826,49560,1,2500,2.0625e+06,0,0,0,0,0,0,0,0
827,49620,1,2500,2.065e+06,0,0,0,0,0,0,0,0
828,49680,1,2500,2.0675e+06,0,0,0,0,0,0,0,0
829,49740,1,2500,2.07e+06,0,0,0,0,0,0,0,0
830,49800,1,2500,2.0725e+06,0,0,0,0,0,0,0,0
831,49860,1,2500,2.075e+06,0,0,0,0,0,0,0,0
832,49920,1,2500,2.0775e+06,0,0,0,0,0,0,0,0
833,49980,1,2500,2.08e+06,0,0,0,0,0,0,0,0
834,50040,1,2500,2.0825e+06,0,0,0,0,0,0,0,0
835,50100,1,2500,2.085e+06,0,0,0,0,0,0,0,0
836,50160,1,2500,2.0875e+06,0,0,0,0,0,0,0,0
837,50220,1,2500,2.09e+06,0,0,0,0,0,0,0,0
838,50280,1,2500,2.0925e+06,0,0,0,0,0,0,0,0
839,50340,1,2500,2.095e+06,0,0,0,0,0,0,0,0
840,50400,1,2500,2.0975e+06,0,0,0,0,0,0,0,0
841,50460,1,2500,2.1e+06,0,0,0,0,0,0,0,0
842,50520,1,2500,2.1025e+06,0,0,0,0,0,0,0,0
843,50580,1,2500,2.105e+06,0,0,0,0,0,0,0,0
844,50640,1,2500,2.1075e+06,0,0,0,0,0,0,0,0
845,50700,1,2500,2.11e+06,0,0,0,0,0,0,0,0
846,50760,1,2500,2.1125e+06,0,0,0,0,0,0,0,0
847,50820,1,2500,2.115e+06,0,0,0,0,0,0,0,0
848,50880,1,2500,2.1175e+06,0,0,0,0,0,0,0,0
849,50940,1,2500,2.12e+06,0,0,0,0,0,0,0,0
850,51000,1,2500,2.1225e+06,0,0,0,0,0,0,0,0
851,51060,1,2500,2.125e+06,0,0,0,0,0,0,0,0
852,51120,1,2500,2.1275e+06,0,0,0,0,0,0,0,0
853,51180,1,2500,2.13e+06,0,0,0,0,0,0,0,0
854,51240,1,2500,2.1325e+06,0,0,0,0,0,0,0,0
855,51300,1,2500,2.135e+06,0,0,0,0,0,0,0,0
856,51360,1,2500,2.1375e+06,0,0,0,0,0,0,0,0
857,51420,1,2500,2.14e+06,0,0,0,0,0,0,0,0
858,51480,1,2500,2.1425e+06,0,0,0,0,0,0,0,0
859,51540,1,2500,2.145e+06,0,0,0,0,0,0,0,0
860,51600,1,2500,2.1475e+06,0,0,0,0,0,0,0,0
861,51660,1,2500,2.15e+06,0,0,0,0,0,0,0,0
862,51720,1,2500,2.1525e+06,0,0,0,0,0,0,0,0
863,51780,1,2500,2.155e+06,0,0,0,0,0,0,0,0
864,51840,1,2500,2.1575e+06,0,0,0,0,0,0,0,0
865,51900,1,2500,2.16e+06,0,0,0,0,0,0,0,0
866,51960,1,2500,2.1625e+06,0,0,0,0,0,0,0,0
867,52020,1,2500,2.165e+06,0,0,0,0,0,0,0,0
868,52080,1,2500,2.1675e+06,0,0,0,0,0,0,0,0
869,52140,1,2500,2.17e+06,0,0,0,0,0,0,0,0
870,52200,1,2500,2.1725e+06,0,0,0,0,0,0,0,0
871,52260,1,2500,2.175e+06,0,0,0,0,0,0,0,0
872,52320,1,2500,2.1775e+06,0,0,0,0,0,0,0,0
873,52380,1,2500,2.18e+06,0,0,0,0,0,0,0,0
874,52440,1,2500,2.1825e+06,0,0,0,0,0,0,0,0
875,52500,1,2500,2.185e+06,0,0,0,0,0,0,0,0
876,52560,1,2500,2.1875e+06,0,0,0,0,0,0,0,0
877,52620,1,2500,2.19e+06,0,0,0,0,0,0,0,0
878,52680,1,2500,2.1925e+06,0,0,0,0,0,0,0,0
879,52740,1,2500,2.195e+06,0,0,0,0,0,0,0,0
880,52800,1,2500,2.1975e+06,0,0,0,0,0,0,0,0
881,52860,1,2500,2.2e+06,0,0,0,0,0,0,0,0
882,52920,1,2500,2.2025e+06,0,0,0,0,0,0,0,0
883,52980,1,2500,2.205e+06,0,0,0,0,0,0,0,0
884,53040,1,2500,2.2075e+06,0,0,0,0,0,0,0,0
885,53100,1,2500,2.21e+06,0,0,0,0,0,0,0,0
886,53160,1,2500,2.2125e+06,0,0,0,0,0,0,0,0
887,53220,1,2500,2.215e+06,0,0,0,0,0,0,0,0
888,53280,1,2500,2.2175e+06,0,0,0,0,0,0,0,0
889,53340,1,2500,2.22e+06,0,0,0,0,0,0,0,0
890,53400,1,2500,2.2225e+06,0,0,0,0,0,0,0,0
891,53460,1,2500,2.225e+06,0,0,0,0,0,0,0,0
892,53520,1,2500,2.2275e+06,0,0,0,0,0,0,0,0
893,53580,1,2500,2.23e+06,0,0,0,0,0,0,0,0
894,53640,1,2500,2.2325e+06,0,0,0,0,0,0,0,0
895,53700,1,2500,2.235e+06,0,0,0,0,0,0,0,0
896,53760,1,2500,2.2375e+06,0,0,0,0,0,0,0,0
897,53820,1,2500,2.24e+06,0,0,0,0,0,0,0,0
898,53880,1,2500,2.2425e+06,0,0,0,0,0,0,0,0
899,53940,1,2500,2.245e+06,0,0,0,0,0,0,0,0
900,54000,1,2500,2.2475e+06,0,0,0,0,0,0,0,0
901,54060,1,2500,2.25e+06,0,0,0,0,0,0,0,0
902,54120,1,2500,2.2525e+06,0,0,0,0,0,0,0,0
903,54180,1,2500,2.255e+06,0,0,0,0,0,0,0,0
904,54240,1,2500,2.2575e+06,0,0,0,0,0,0,0,0
905,54300,1,2500,2.26e+06,0,0,0,0,0,0,0,0
906,54360,1,2500,2.2625e+06,0,0,0,0,0,0,0,0
907,54420,1,2500,2.265e+06,0,0,0,0,0,0,0,0
908,54480,1,2500,2.2675e+06,0,0,0,0,0,0,0,0
909,54540,1,2500,2.27e+06,0,0,0,0,0,0,0,0
910,54600,1,2500,2.2725e+06,0,0,0,0,0,0,0,0
911,54660,1,2500,2.275e+06,0,0,0,0,0,0,0,0
912,54720,1,2500,2.2775e+06,0,0,0,0,0,0,0,0
913,54780,1,2500,2.28e+06,0,0,0,0,0,0,0,0
914,54840,1,2500,2.2825e+06,0,0,0,0,0,0,0,0
915,54900,1,2500,2.285e+06,0,0,0,0,0,0,0,0
916,54960,1,2500,2.2875e+06,0,0,0,0,0,0,0,0
917,55020,1,2500,2.29e+06,0,0,0,0,0,0,0,0
918,55080,1,2500,2.2925e+06,0,0,0,0,0,0,0,0
919,55140,1,2500,2.295e+06,0,0,0,0,0,0,0,0
920,55200,1,2500,2.2975e+06,0,0,0,0,0,0,0,0
921,55260,1,2500,2.3e+06,0,0,0,0,0,0,0,0
922,55320,1,2500,2.3025e+06,0,0,0,0,0,0,0,0
923,55380,1,2500,2.305e+06,0,0,0,0,0,0,0,0
924,55440,1,2500,2.3075e+06,0,0,0,0,0,0,0,0
925,55500,1,2500,2.31e+06,0,0,0,0,0,0,0,0
926,55560,1,2500,2.3125e+06,0,0,0,0,0,0,0,0
927,55620,1,2500,2.315e+06,0,0,0,0,0,0,0,0
928,55680,1,2500,2.3175e+06,0,0,0,0,0,0,0,0
929,55740,1,2500,2.32e+06,0,0,0,0,0,0,0,0
930,55800,1,2500,2.3225e+06,0,0,0,0,0,0,0,0
931,55860,1,2500,2.325e+06,0,0,0,0,0,0,0,0
932,55920,1,2500,2.3275e+06,0,0,0,0,0,0,0,0
933,55980,1,2500,2.33e+06,0,0,0,0,0,0,0,0
934,56040,1,2500,2.3325e+06,0,0,0,0,0,0,0,0
935,56100,1,2500,2.335e+06,0,0,0,0,0,0,0,0
936,56160,1,2500,2.3375e+06,0,0,0,0,0,0,0,0
937,56220,1,2500,2.34e+06,0,0,0,0,0,0,0,0
938,56280,1,2500,2.3425e+06,0,0,0,0,0,0,0,0
939,56340,1,2500,2.345e+06,0,0,0,0,0,0,0,0
940,56400,1,2500,2.3475e+06,0,0,0,0,0,0,0,0
941,56460,1,2500,2.35e+06,0,0,0,0,0,0,0,0
942,56520,1,2500,2.3525e+06,0,0,0,0,0,0,0,0
943,56580,1,2500,2.355e+06,0,0,0,0,0,0,0,0
944,56640,1,2500,2.3575e+06,0,0,0,0,0,0,0,0
945,56700,1,2500,2.36e+06,0,0,0,0,0,0,0,0
946,56760,1,2500,2.3625e+06,0,0,0,0,0,0,0,0
947,56820,1,2500,2.365e+06,0,0,0,0,0,0,0,0
948,56880,1,2500,2.3675e+06,0,0,0,0,0,0,0,0
949,56940,1,2500,2.37e+06,0,0,0,0,0,0,0,0
950,57000,1,2500,2.3725e+06,0,0,0,0,0,0,0,0
951,57060,1,2500,2.375e+06,0,0,0,0,0,0,0,0
952,57120,1,2500,2.3775e+06,0,0,0,0,0,0,0,0
953,57180,1,2500,2.38e+06,0,0,0,0,0,0,0,0
954,57240,1,2500,2.3825e+06,0,0,0,0,0,0,0,0
955,57300,1,2500,2.385e+06,0,0,0,0,0,0,0,0
956,57360,1,2500,2.3875e+06,0,0,0,0,0,0,0,0
957,57420,1,2500,2.39e+06,0,0,0,0,0,0,0,0
958,57480,1,2500,2.3925e+06,0,0,0,0,0,0,0,0
959,57540,1,2500,2.395e+06,0,0,0,0,0,0,0,0
960,57600,1,2500,2.3975e+06,0,0,0,0,0,0,0,0
961,57660,1,2500,2.4e+06,0,0,0,0,0,0,0,0
962,57720,1,2500,2.4025e+06,0,0,0,0,0,0,0,0
963,57780,1,2500,2.405e+06,0,0,0,0,0,0,0,0
964,57840,1,2500,2.4075e+06,0,0,0,0,0,0,0,0
965,57900,1,2500,2.41e+06,0,0,0,0,0,0,0,0
966,57960,1,2500,2.4125e+06,0,0,0,0,0,0,0,0
967,58020,1,2500,2.415e+06,0,0,0,0,0,0,0,0
968,58080,1,2500,2.4175e+06,0,0,0,0,0,0,0,0
969,58140,1,2500,2.42e+06,0,0,0,0,0,0,0,0
970,58200,1,2500,2.4225e+06,0,0,0,0,0,0,0,0
971,58260,1,2500,2.425e+06,0,0,0,0,0,0,0,0
972,58320,1,2500,2.4275e+06,0,0,0,0,0,0,0,0
973,58380,1,2500,2.43e+06,0,0,0,0,0,0,0,0
974,58440,1,2500,2.4325e+06,0,0,0,0,0,0,0,0
975,58500,1,2500,2.435e+06,0,0,0,0,0,0,0,0
976,58560,1,2500,2.4375e+06,0,0,0,0,0,0,0,0
977,58620,1,2500,2.44e+06,0,0,0,0,0,0,0,0
978,58680,1,2500,2.4425e+06,0,0,0,0,0,0,0,0
979,58740,1,2500,2.445e+06,0,0,0,0,0,0,0,0
980,58800,1,2500,2.4475e+06,0,0,0,0,0,0,0,0
981,58860,1,2500,2.45e+06,0,0,0,0,0,0,0,0
982,58920,1,2500,2.4525e+06,0,0,0,0,0,0,0,0
983,58980,1,2500,2.455e+06,0,0,0,0,0,0,0,0
984,59040,1,2500,2.4575e+06,0,0,0,0,0,0,0,0
985,59100,1,2500,2.46e+06,0,0,0,0,0,0,0,0
986,59160,1,2500,2.4625e+06,0,0,0,0,0,0,0,0
987,59220,1,2500,2.465e+06,0,0,0,0,0,0,0,0
988,59280,1,2500,2.4675e+06,0,0,0,0,0,0,0,0
989,59340,1,2500,2.47e+06,0,0,0,0,0,0,0,0
990,59400,1,2500,2.4725e+06,0,0,0,0,0,0,0,0
991,59460,1,2500,2.475e+06,0,0,0,0,0,0,0,0
992,59520,1,2500,2.4775e+06,0,0,0,0,0,0,0,0
993,59580,1,2500,2.48e+06,0,0,0,0,0,0,0,0
994,59640,1,2500,2.4825e+06,0,0,0,0,0,0,0,0
995,59700,1,2500,2.485e+06,0,0,0,0,0,0,0,0
996,59760,1,2500,2.4875e+06,0,0,0,0,0,0,0,0
997,59820,1,2500,2.49e+06,0,0,0,0,0,0,0,0
998,59880,1,2500,2.4925e+06,0,0,0,0,0,0,0,0
999,59940,1,2500,2.495e+06,0,0,0,0,0,0,0,0
1000,60000,1,2500,2.4975e+06,0,0,0,0,0,0,0,0
