tick,time,key,value
0,0,battery,500
0,0,bus,0
0,0,solar,0
1,0.1,battery,500
1,0.1,bus,0
1,0.1,solar,19.9667
2,0.2,battery,505
2,0.2,bus,0
2,0.2,solar,39.7339
3,0.3,battery,505
3,0.3,bus,0
3,0.3,solar,59.104
4,0.4,battery,510
4,0.4,bus,0
4,0.4,solar,77.8837
5,0.5,battery,515
5,0.5,bus,0
5,0.5,solar,95.8851
6,0.6,battery,520
6,0.6,bus,0
6,0.6,solar,112.928
7,0.7,battery,520
7,0.7,bus,0
7,0.7,solar,128.844
8,0.8,battery,520
8,0.8,bus,0
8,0.8,solar,143.471
9,0.9,battery,520
9,0.9,bus,0
9,0.9,solar,156.665
10,1,battery,520
10,1,bus,0
10,1,solar,168.294
11,1.1,battery,525
11,1.1,bus,0
11,1.1,solar,178.241
12,1.2,battery,530
12,1.2,bus,0
12,1.2,solar,186.408
13,1.3,battery,535
13,1.3,bus,0
13,1.3,solar,192.712
14,1.4,battery,540
14,1.4,bus,0
14,1.4,solar,197.09
15,1.5,battery,545
15,1.5,bus,0
15,1.5,solar,199.499
16,1.6,battery,550
16,1.6,bus,0
16,1.6,solar,199.915
17,1.7,battery,555
17,1.7,bus,0
17,1.7,solar,198.333
18,1.8,battery,560
18,1.8,bus,0
18,1.8,solar,194.77
19,1.9,battery,565
19,1.9,bus,0
19,1.9,solar,189.26
20,2,battery,570
20,2,bus,0
20,2,solar,181.859
21,2.1,battery,570
21,2.1,bus,0
21,2.1,solar,172.642
22,2.2,battery,575
22,2.2,bus,0
22,2.2,solar,161.699
23,2.3,battery,575
23,2.3,bus,0
23,2.3,solar,149.141
24,2.4,battery,580
24,2.4,bus,0
24,2.4,solar,135.093
25,2.5,battery,585
25,2.5,bus,0
25,2.5,solar,119.694
26,2.6,battery,585
26,2.6,bus,0
26,2.6,solar,103.1
27,2.7,battery,585
27,2.7,bus,0
27,2.7,solar,85.476
28,2.8,battery,585
28,2.8,bus,0
28,2.8,solar,66.9976
29,2.9,battery,585
29,2.9,bus,0
29,2.9,solar,47.8499
30,3,battery,585
30,3,bus,0
30,3,solar,28.224
31,3.1,battery,585
31,3.1,bus,0
31,3.1,solar,8.31613
32,3.2,battery,585
32,3.2,bus,0
32,3.2,solar,11.6748
33,3.3,battery,585
33,3.3,bus,0
33,3.3,solar,31.5491
34,3.4,battery,590
34,3.4,bus,0
34,3.4,solar,51.1082
35,3.5,battery,590
35,3.5,bus,0
35,3.5,solar,70.1566
36,3.6,battery,590
36,3.6,bus,0
36,3.6,solar,88.5041
37,3.7,battery,590
37,3.7,bus,0
37,3.7,solar,105.967
38,3.8,battery,595
38,3.8,bus,0
38,3.8,solar,122.372
39,3.9,battery,600
39,3.9,bus,0
39,3.9,solar,137.553
40,4,battery,601.36
40,4,bus,0
40,4,solar,151.41,41,4.1,battery,606.36
41,4.1,bus,0
41,4.1,solar,1642,4.242,4.2,battery,611.36
42,4.2,bus,0
42,4.2,solar43,4.3,ba43,4.3,battery,611.36
43,4.3,bus,0
43,4.3,so44,4.4,batte44,4.4,battery,616.36
44,4.4,bus,0
44,4.45,4.5,battery,45,4.5,battery,616.36
45,4.5,bus,0
45,46,4.6,battery,50046,4.6,battery,621.36
46,4.6,bus,0
47,4.7,battery,500
4747,4.7,battery,626.36
47,4.7,bus48,4.8,battery,500
48,4.48,4.8,battery,626.36
48,4.8,49,4.9,battery,500
49,4.9,b49,4.9,battery,631.36
49,450,5,battery,500
50,5,bus,0
5050,5,battery,636.51,5.1,battery,500
51,5.1,bus,0
551,5.1,battery,641.352,5.2,battery,500
52,5.2,bus,0
52,552,5.2,battery,6453,5.3,battery,500
53,5.3,bus,0
53,5.3,53,5.3,battery54,5.4,battery,500
54,5.4,bus,0
54,5.4,sol54,5.4,batt55,5.5,battery,500
55,5.5,bus,0
55,5.5,solar,55,5.5,b56,5.6,battery,500
56,5.6,bus,0
56,5.6,solar,12656,5.57,5.7,battery,500
57,5.7,bus,0
57,5.7,solar,110.135758,5.8,battery,500
58,5.8,bus,0
58,5.8,solar,92.9204
59,5.9,battery,500
59,5.9,bus,0
59,5.9,solar,74.7753
60,6,battery,500
60,6,bus,0
60,6,solar,55.8831
61,6.1,battery,500
61,6.1,bus,0
61,6.1,solar,36.4325
62,6.2,battery,500
62,6.2,bus,0
62,6.2,solar,16.6179
63,6.3,battery,500
63,6.3,bus,0
63,6.3,solar,3.36278
64,6.4,battery,500
64,6.4,bus,0
64,6.4,solar,23.3098
65,6.5,battery,505
65,6.5,bus,0
65,6.5,solar,43.024
66,6.6,battery,510
66,6.6,bus,0
66,6.6,solar,62.3083
67,6.7,battery,515
67,6.7,bus,0
67,6.7,solar,80.97
68,6.8,battery,515
68,6.8,bus,0
68,6.8,solar,98.8227
69,6.9,battery,515
69,6.9,bus,0
69,6.9,solar,115.688
70,7,battery,515
70,7,bus,0
70,7,solar,131.397
71,7.1,battery,515
71,7.1,bus,0
71,7.1,solar,145.794
72,7.2,battery,515
72,7.2,bus,0
72,7.2,solar,158.734
73,7.3,battery,515
73,7.3,bus,0
73,7.3,solar,170.087
74,7.4,battery,520
74,7.4,bus,0
74,7.4,solar,179.742
75,7.5,battery,525
75,7.5,bus,0
75,7.5,solar,187.6
76,7.6,battery,530
76,7.6,bus,0
76,7.6,solar,193.584
77,7.7,battery,535
77,7.7,bus,0
77,7.7,solar,197.634
78,7.8,battery,540
78,7.8,bus,0
78,7.8,solar,199.709
79,7.9,battery,545
79,7.9,bus,0
79,7.9,solar,199.788
80,8,battery,550
80,8,bus,0
80,8,solar,197.872
81,8.1,battery,550
81,8.1,bus,0
81,8.1,solar,193.978
82,8.2,battery,550
82,8.2,bus,0
82,8.2,solar,188.146
83,8.3,battery,555
83,8.3,bus,0
83,8.3,solar,180.434
84,8.4,battery,560
84,8.4,bus,0
84,8.4,solar,170.92
85,8.5,battery,565
85,8.5,bus,0
85,8.5,solar,159.697
86,8.6,battery,565
86,8.6,bus,0
86,8.6,solar,146.879
87,8.7,battery,565
87,8.7,bus,0
87,8.7,solar,132.594
88,8.8,battery,570
88,8.8,bus,0
88,8.8,solar,116.983
89,8.9,battery,570
89,8.9,bus,0
89,8.9,solar,100.204
90,9,battery,575
90,9,bus,0
90,9,solar,82.4237
91,9.1,battery,575
91,9.1,bus,0
91,9.1,solar,63.8197
92,9.2,battery,580
92,9.2,bus,0
92,9.2,solar,44.578
93,9.3,battery,585
93,9.3,bus,0
93,9.3,solar,24.8909
94,9.4,battery,589.955
94,9.4,bus,0
94,9.4,solar,4.95509
95,9.5,battery,589.955
95,9.5,bus,0
95,9.5,solar,15.0302
96,9.6,battery,594.955
96,9.6,bus,0
96,9.6,solar,34.8654
97,9.7,battery,599.955
97,9.7,bus,0
97,9.7,solar,54.3521
98,9.8,battery,599.955
98,9.8,bus,0
98,9.8,solar,73.2958
99,9.9,battery,599.955
99,9.9,bus,0
99,9.9,solar,91.5072
100,10,battery,599.955
100,10,bus,0
100,10,solar,108.804
101,10.1,battery,599.955
101,10.1,bus,0
101,10.1,solar,125.014
102,10.2,battery,599.955
102,10.2,bus,0
102,10.2,solar,139.975
103,10.3,battery,599.955
103,10.3,bus,0
103,10.3,solar,153.537
104,10.4,battery,599.955
104,10.4,bus,0
104,10.4,solar,165.565
105,10.5,battery,599.955
105,10.5,bus,0
105,10.5,solar,175.939
106,10.6,battery,599.955
106,10.6,bus,0
106,10.6,solar,184.555
107,10.7,battery,599.955
107,10.7,bus,0
107,10.7,solar,191.327
108,10.8,battery,599.955
108,10.8,bus,0
108,10.8,solar,196.187
109,10.9,battery,604.955
109,10.9,bus,0
109,10.9,solar,199.087
110,11,battery,609.955
110,11,bus,0
110,11,solar,199.998
111,11.1,battery,614.955
111,11.1,bus,0
111,11.1,solar,198.911
112,11.2,battery,614.955
112,11.2,bus,0
112,11.2,solar,195.836
113,11.3,battery,614.955
113,11.3,bus,0
113,11.3,solar,190.804
114,11.4,battery,614.955
114,11.4,bus,0
114,11.4,solar,183.866
115,11.5,battery,614.955
115,11.5,bus,0
115,11.5,solar,175.09
116,11.6,battery,614.955
116,11.6,bus,0
116,11.6,solar,164.566
117,11.7,battery,614.955
117,11.7,bus,0
117,11.7,solar,152.397
118,11.8,battery,614.955
118,11.8,bus,0
118,11.8,solar,138.705
119,11.9,battery,614.955
119,11.9,bus,0
119,11.9,solar,123.627
120,12,battery,614.955
120,12,bus,0
120,12,solar,107.315
121,12.1,battery,619.955
121,12.1,bus,0
121,12.1,solar,89.9295
122,12.2,battery,619.955
122,12.2,bus,0
122,12.2,solar,71.6459
123,12.3,battery,619.955
123,12.3,bus,0
123,12.3,solar,52.6464
124,12.4,battery,619.955
124,12.4,bus,0
124,12.4,solar,33.1208
125,12.5,battery,619.955
125,12.5,bus,0
125,12.5,solar,13.2644
126,12.6,battery,619.955
126,12.6,bus,0
126,12.6,solar,6.72461
127,12.7,battery,619.955
127,12.7,bus,0
127,12.7,solar,26.6464
128,12.8,battery,619.955
128,12.8,bus,0
128,12.8,solar,46.302
129,12.9,battery,619.955
129,12.9,bus,0
129,12.9,solar,65.4949
130,13,battery,619.955
130,13,bus,0
130,13,solar,84.0334
131,13.1,battery,619.955
131,13.1,bus,0
131,13.1,solar,101.732
132,13.2,battery,619.955
132,13.2,bus,0
132,13.2,solar,118.415
133,13.3,battery,619.955
133,13.3,bus,0
133,13.3,solar,133.914
134,13.4,battery,619.955
134,13.4,bus,0
134,13.4,solar,148.075
135,13.5,battery,619.955
135,13.5,bus,0
135,13.5,solar,160.757
136,13.6,battery,619.955
136,13.6,bus,0
136,13.6,solar,171.832
137,13.7,battery,619.955
137,13.7,bus,0
137,13.7,solar,181.191
138,13.8,battery,624.955
138,13.8,bus,0
138,13.8,solar,188.739
139,13.9,battery,629.955
139,13.9,bus,0
139,13.9,solar,194.402
140,14,battery,634.955
140,14,bus,0
140,14,solar,198.121
141,14.1,battery,639.955
141,14.1,bus,0
141,14.1,solar,199.862
142,14.2,battery,644.955
142,14.2,bus,0
142,14.2,solar,199.605
143,14.3,battery,649.955
143,14.3,bus,0
143,14.3,solar,197.354
144,14.4,battery,654.955
144,14.4,bus,0
144,14.4,solar,193.132
145,14.5,battery,654.955
145,14.5,bus,0
145,14.5,solar,186.979
146,14.6,battery,659.955
146,14.6,bus,0
146,14.6,solar,178.958
147,14.7,battery,659.955
147,14.7,bus,0
147,14.7,solar,169.149
148,14.8,battery,664.955
148,14.8,bus,0
148,14.8,solar,157.65
149,14.9,battery,664.955
149,14.9,bus,0
149,14.9,solar,144.576
150,15,battery,664.955
150,15,bus,0
150,15,solar,130.058
151,15.1,battery,664.955
151,15.1,bus,0
151,15.1,solar,114.239
152,15.2,battery,664.955
152,15.2,bus,0
152,15.2,solar,97.2797
153,15.3,battery,664.955
153,15.3,bus,0
153,15.3,solar,79.3481
154,15.4,battery,664.955
154,15.4,bus,0
154,15.4,solar,60.6237
155,15.5,battery,664.955
155,15.5,bus,0
155,15.5,solar,41.2935
156,15.6,battery,664.955
156,15.6,bus,0
156,15.6,solar,21.5507
157,15.7,battery,664.955
157,15.7,bus,0
157,15.7,solar,1.59264
158,15.8,battery,664.955
158,15.8,bus,0
158,15.8,solar,18.3814
159,15.9,battery,664.955
159,15.9,bus,0
159,15.9,solar,38.1717
160,16,battery,664.955
160,16,bus,0
160,16,solar,57.5807
161,16.1,battery,664.955
161,16.1,bus,0
161,16.1,solar,76.4143
162,16.2,battery,664.955
162,16.2,bus,0
162,16.2,solar,94.4844
163,16.3,battery,664.955
163,16.3,bus,0
163,16.3,solar,111.61
164,16.4,battery,664.955
164,16.4,bus,0
164,16.4,solar,127.621
165,16.5,battery,664.955
165,16.5,bus,0
165,16.5,solar,142.357
166,16.6,battery,664.955
166,16.6,bus,0
166,16.6,solar,155.67
167,16.7,battery,664.955
167,16.7,bus,0
167,16.7,solar,167.428
168,16.8,battery,664.955
168,16.8,bus,0
168,16.8,solar,177.513
169,16.9,battery,664.955
169,16.9,bus,0
169,16.9,solar,185.825
170,17,battery,664.955
170,17,bus,0
170,17,solar,192.279
171,17.1,battery,664.955
171,17.1,bus,0
171,17.1,solar,196.813
172,17.2,battery,664.955
172,17.2,bus,0
172,17.2,solar,199.38
173,17.3,battery,664.955
173,17.3,bus,0
173,17.3,solar,199.955
174,17.4,battery,664.955
174,17.4,bus,0
174,17.4,solar,198.532
175,17.5,battery,664.955
175,17.5,bus,0
175,17.5,solar,195.125
176,17.6,battery,664.955
176,17.6,bus,0
176,17.6,solar,189.769
177,17.7,battery,664.955
177,17.7,bus,0
177,17.7,solar,182.516
178,17.8,battery,664.955
178,17.8,bus,0
178,17.8,solar,173.44
179,17.9,battery,664.955
179,17.9,bus,0
179,17.9,solar,162.631
180,18,battery,664.955
180,18,bus,0
180,18,solar,150.197
181,18.1,battery,664.955
181,18.1,bus,0
181,18.1,solar,136.263
182,18.2,battery,664.955
182,18.2,bus,0
182,18.2,solar,120.967
183,18.3,battery,664.955
183,18.3,bus,0
183,18.3,solar,104.462
184,18.4,battery,664.955
184,18.4,bus,0
184,18.4,solar,86.9131
185,18.5,battery,664.955
185,18.5,bus,0
185,18.5,solar,68.4961
186,18.6,battery,664.955
186,18.6,bus,0
186,18.6,solar,49.3947
187,18.7,battery,664.955
187,18.7,bus,0
187,18.7,solar,29.7998
188,18.8,battery,664.955
188,18.8,bus,0
188,18.8,solar,9.90713
189,18.9,battery,664.955
189,18.9,bus,0
189,18.9,solar,10.0845
190,19,battery,664.955
190,19,bus,0
190,19,solar,29.9754
191,19.1,battery,664.955
191,19.1,bus,0
191,19.1,solar,49.5668
192,19.2,battery,669.955
192,19.2,bus,0
192,19.2,solar,68.663
193,19.3,battery,669.955
193,19.3,bus,0
193,19.3,solar,87.0731
194,19.4,battery,674.955
194,19.4,bus,0
194,19.4,solar,104.613
195,19.5,battery,674.955
195,19.5,bus,0
195,19.5,solar,121.108
196,19.6,battery,674.955
196,19.6,bus,0
196,19.6,solar,136.393
197,19.7,battery,675.27
197,19.7,bus,0
197,19.7,solar,150.315
198,19.8,battery,675.27
198,19.8,bus,0
198,19.8,solar,162.735
199,19.9,battery,675.27
199,19.9,bus,0
199,19.9,solar,173.529
200,20,battery,675.27
200,20,bus,0
200,20,solar,182.589
201,20.1,battery,675.27
201,20.1,bus,0
201,20.1,solar,189.825
202,20.2,battery,675.27
202,20.2,bus,0
202,20.2,solar,195.164
203,20.3,battery,675.27
203,20.3,bus,0
203,20.3,solar,198.553
204,20.4,battery,675.27
204,20.4,bus,0
204,20.4,solar,199.959
205,20.5,battery,675.27
205,20.5,bus,0
205,20.5,solar,199.366
206,20.6,battery,675.27
206,20.6,bus,0
206,20.6,solar,196.781
207,20.7,battery,675.27
207,20.7,bus,0
207,20.7,solar,192.231
208,20.8,battery,675.27
208,20.8,bus,0
208,20.8,solar,185.759
209,20.9,battery,675.27
209,20.9,bus,0
209,20.9,solar,177.432
210,21,battery,675.27
210,21,bus,0
210,21,solar,167.331
211,21.1,battery,675.27
211,21.1,bus,0
211,21.1,solar,155.559
212,21.2,battery,675.27
212,21.2,bus,0
212,21.2,solar,142.232
213,21.3,battery,675.27
213,21.3,bus,0
213,21.3,solar,127.485
214,21.4,battery,675.27
214,21.4,bus,0
214,21.4,solar,111.463
215,21.5,battery,675.27
215,21.5,bus,0
215,21.5,solar,94.3278
216,21.6,battery,675.27
216,21.6,bus,0
216,21.6,solar,76.2501
217,21.7,battery,675.27
217,21.7,bus,0
217,21.7,solar,57.4105
218,21.8,battery,675.27
218,21.8,bus,0
218,21.8,solar,37.9973
219,21.9,battery,675.27
219,21.9,bus,0
219,21.9,solar,18.2045
220,22,battery,677.04
220,22,bus,0
220,22,solar,1.77026
221,22.1,battery,677.04
221,22.1,bus,0
221,22.1,solar,21.7273
222,22.2,battery,677.04
222,22.2,bus,0
222,22.2,solar,41.4673
223,22.3,battery,682.04
223,22.3,bus,0
223,22.3,solar,60.7929
224,22.4,battery,682.04
224,22.4,bus,0
224,22.4,solar,79.5111
225,22.5,battery,687.04
225,22.5,bus,0
225,22.5,solar,97.4349
226,22.6,battery,692.04
226,22.6,bus,0
226,22.6,solar,114.385
227,22.7,battery,697.04
227,22.7,bus,0
227,22.7,solar,130.192
228,22.8,battery,697.04
228,22.8,bus,0
228,22.8,solar,144.699
229,22.9,battery,702.04
229,22.9,bus,0
229,22.9,solar,157.76
230,23,battery,707.04
230,23,bus,0
230,23,solar,169.244
231,23.1,battery,707.04
231,23.1,bus,0
231,23.1,solar,179.037
232,23.2,battery,707.04
232,23.2,bus,0
232,23.2,solar,187.042
233,23.3,battery,707.04
233,23.3,bus,0
233,23.3,solar,193.178
234,23.4,battery,707.04
234,23.4,bus,0
234,23.4,solar,197.383
235,23.5,battery,707.04
235,23.5,bus,0
235,23.5,solar,199.616
236,23.6,battery,712.04
236,23.6,bus,0
236,23.6,solar,199.855
237,23.7,battery,712.04
237,23.7,bus,0
237,23.7,solar,198.097
238,23.8,battery,717.04
238,23.8,bus,0
238,23.8,solar,194.36
239,23.9,battery,717.04
239,23.9,bus,0
239,23.9,solar,188.68
240,24,battery,717.04
240,24,bus,0
240,24,solar,181.116
241,24.1,battery,717.04
241,24.1,bus,0
241,24.1,solar,171.741
242,24.2,battery,717.04
242,24.2,bus,0
242,24.2,solar,160.651
243,24.3,battery,717.04
243,24.3,bus,0
243,24.3,solar,147.956
244,24.4,battery,717.04
244,24.4,bus,0
244,24.4,solar,133.782
245,24.5,battery,717.04
245,24.5,bus,0
245,24.5,solar,118.272
246,24.6,battery,717.04
246,24.6,bus,0
246,24.6,solar,101.579
247,24.7,battery,717.04
247,24.7,bus,0
247,24.7,solar,83.8722
248,24.8,battery,717.04
248,24.8,bus,0
248,24.8,solar,65.327
249,24.9,battery,717.04
249,24.9,bus,0
249,24.9,solar,46.1291
250,25,battery,717.04
250,25,bus,0
250,25,solar,26.4704
251,25.1,battery,717.04
251,25.1,bus,0
251,25.1,solar,6.54708
252,25.2,battery,722.04
252,25.2,bus,0
252,25.2,solar,13.4416
253,25.3,battery,727.04
253,25.3,bus,0
253,25.3,solar,33.296
254,25.4,battery,727.04
254,25.4,bus,0
254,25.4,solar,52.8177
255,25.5,battery,727.04
255,25.5,bus,0
255,25.5,solar,71.8117
256,25.6,battery,727.04
256,25.6,bus,0
256,25.6,solar,90.0881
257,25.7,battery,727.04
257,25.7,bus,0
257,25.7,solar,107.464
258,25.8,battery,727.04
258,25.8,bus,0
258,25.8,solar,123.767
259,25.9,battery,727.04
259,25.9,bus,0
259,25.9,solar,138.833
260,26,battery,727.04
260,26,bus,0
260,26,solar,152.512
261,26.1,battery,727.04
261,26.1,bus,0
261,26.1,solar,164.667
262,26.2,battery,732.04
262,26.2,bus,0
262,26.2,solar,175.176
263,26.3,battery,737.04
263,26.3,bus,0
263,26.3,solar,183.936
264,26.4,battery,737.04
264,26.4,bus,0
264,26.4,solar,190.857
265,26.5,battery,737.04
265,26.5,bus,0
265,26.5,solar,195.872
266,26.6,battery,737.04
266,26.6,bus,0
266,26.6,solar,198.929
267,26.7,battery,737.04
267,26.7,bus,0
267,26.7,solar,199.999
268,26.8,battery,737.04
268,26.8,bus,0
268,26.8,solar,199.07
269,26.9,battery,737.04
269,26.9,bus,0
269,26.9,solar,196.153
270,27,battery,737.04
270,27,bus,0
270,27,solar,191.275
271,27.1,battery,737.04
271,27.1,bus,0
271,27.1,solar,184.487
272,27.2,battery,742.04
272,27.2,bus,0
272,27.2,solar,175.855
273,27.3,battery,742.04
273,27.3,bus,0
273,27.3,solar,165.466
274,27.4,battery,742.04
274,27.4,bus,0
274,27.4,solar,153.423
275,27.5,battery,742.04
275,27.5,bus,0
275,27.5,solar,139.848
276,27.6,battery,747.04
276,27.6,bus,0
276,27.6,solar,124.875
277,27.7,battery,747.04
277,27.7,bus,0
277,27.7,solar,108.655
278,27.8,battery,752.04
278,27.8,bus,0
278,27.8,solar,91.3492
279,27.9,battery,752.04
279,27.9,bus,0
279,27.9,solar,73.1305
280,28,battery,752.04
280,28,bus,0
280,28,solar,54.1812
281,28.1,battery,752.04
281,28.1,bus,0
281,28.1,solar,34.6904
282,28.2,battery,757.04
282,28.2,bus,0
282,28.2,solar,14.8531
283,28.3,battery,757.04
283,28.3,bus,0
283,28.3,solar,5.13266
284,28.4,battery,757.04
284,28.4,bus,0
284,28.4,solar,25.0671
285,28.5,battery,762.04
285,28.5,bus,0
285,28.5,solar,44.7511
286,28.6,battery,767.04
286,28.6,bus,0
286,28.6,solar,63.988
287,28.7,battery,767.04
287,28.7,bus,0
287,28.7,solar,82.5855
288,28.8,battery,772.04
288,28.8,bus,0
288,28.8,solar,100.358
289,28.9,battery,772.04
289,28.9,bus,0
289,28.9,solar,117.127
290,29,battery,772.04
290,29,bus,0
290,29,solar,132.727
291,29.1,battery,772.04
291,29.1,bus,0
291,29.1,solar,147
292,29.2,battery,777.04
292,29.2,bus,0
292,29.2,solar,159.804
293,29.3,battery,782.04
293,29.3,bus,0
293,29.3,solar,171.012
294,29.4,battery,787.04
294,29.4,bus,0
294,29.4,solar,180.511
295,29.5,battery,787.04
295,29.5,bus,0
295,29.5,solar,188.206
296,29.6,battery,787.04
296,29.6,bus,0
296,29.6,solar,194.021
297,29.7,battery,787.04
297,29.7,bus,0
297,29.7,solar,197.897
298,29.8,battery,792.04
298,29.8,bus,0
298,29.8,solar,199.796
299,29.9,battery,797.04
299,29.9,bus,0
299,29.9,solar,199.699
300,30,battery,797.04
300,30,bus,0
300,30,solar,197.606
301,30.1,battery,797.04
301,30.1,bus,0
301,30.1,solar,193.539
302,30.2,battery,802.04
302,30.2,bus,0
302,30.2,solar,187.538
303,30.3,battery,807.04
303,30.3,bus,0
303,30.3,solar,179.664
304,30.4,battery,812.04
304,30.4,bus,0
304,30.4,solar,169.994
305,30.5,battery,812.04
305,30.5,bus,0
305,30.5,solar,158.625
306,30.6,battery,812.04
306,30.6,bus,0
306,30.6,solar,145.672
307,30.7,battery,817.04
307,30.7,bus,0
307,30.7,solar,131.263
308,30.8,battery,817.04
308,30.8,bus,0
308,30.8,solar,115.543
309,30.9,battery,822.04
309,30.9,bus,0
309,30.9,solar,98.6682
310,31,battery,822.04
310,31,bus,0
310,31,solar,80.8075
311,31.1,battery,822.04
311,31.1,bus,0
311,31.1,solar,62.1395
312,31.2,battery,827.04
312,31.2,bus,0
312,31.2,solar,42.8505
313,31.3,battery,832.04
313,31.3,bus,0
313,31.3,solar,23.1334
314,31.4,battery,832.04
314,31.4,bus,0
314,31.4,solar,3.18517
315,31.5,battery,832.04
315,31.5,bus,0
315,31.5,solar,16.7949
316,31.6,battery,832.04
316,31.6,bus,0
316,31.6,solar,36.6071
317,31.7,battery,832.04
317,31.7,bus,0
317,31.7,solar,56.0536
318,31.8,battery,832.04
318,31.8,bus,0
318,31.8,solar,74.9401
319,31.9,battery,832.04
319,31.9,bus,0
319,31.9,solar,93.0777
320,32,battery,832.04
320,32,bus,0
320,32,solar,110.285
321,32.1,battery,837.04
321,32.1,bus,0
321,32.1,solar,126.391
322,32.2,battery,837.04
322,32.2,bus,0
322,32.2,solar,141.234
323,32.3,battery,837.04
323,32.3,bus,0
323,32.3,solar,154.666
324,32.4,battery,837.04
324,32.4,bus,0
324,32.4,solar,166.552
325,32.5,battery,837.04
325,32.5,bus,0
325,32.5,solar,176.774
326,32.6,battery,842.04
326,32.6,bus,0
326,32.6,solar,185.23
327,32.7,battery,842.04
327,32.7,bus,0
327,32.7,solar,191.8327328,32.8,battery,847.04
328,32.8,bus,0
328,32.8,solar,196328,3329,32.9,battery,847.04
329,32.9,bus,0
329,32.9,solar,1329,32.330,33,battery,847.04
330,33,bus,0
330,33,solar,199.9330331,33.1,battery,852.04
331,33.1,bus,0
331,33.1,sol331,33.1,ba332,33.2,battery,852.04
332,33.2,bus,0
332,33.2,s332,33.2,batt333,33.3,battery,852.04
333,33.3,bus,0
333,33.3333,33.3,batter334,33.4,battery,852.04
334,33.4,bus,0
334,33334,33.4,battery,335,33.5,battery,852.04
335,33.5,bus,0
335,335,33.5,battery,10336,33.6,battery,852.04
336,33.6,bus,0
33336,33.6,battery,1000337,33.7,battery,857.04
337,33.7,bus,0
337,33.7,battery,1000
3338,33.8,battery,857.04
338,33.8,bus,338,33.8,battery,1000
338339,33.9,battery,857.04
339,33.9,bu339,33.9,battery,1000
339,3340,34,battery,857.04
340,34,bus,340,34,battery,1000
340341,34.1,battery,862.04
341,34.341,34.1,battery,1000
341,34.1,342,34.2,battery,862.04
342,3342,34.2,battery,1000
342,34.2,bu343,34.3,battery,862.04
343343,34.3,battery,1000
343,34.3,bus,344,34.4,battery,867.04
3344,34.4,battery,1000
344,34.4,bus,0
345,34.5,battery,867.04345,34.5,battery,1000
345,34.5,bus,0
34346,34.6,battery,867.346,34.6,battery,1000
346,34.6,bus,0
346,347,34.7,battery,86347,34.7,battery,1000
347,34.7,bus,0
347,34348,34.8,battery,348,34.8,battery,1000
348,34.8,bus,0
348,34.8349,34.9,batter349,34.9,battery,1000
349,34.9,bus,0
349,34.9,350,35,batter350,35,battery,1000
350,35,bus,0
350,35,sol351,35.1,ba351,35.1,battery,1000
351,35.1,bus,0
351,35.1,solar352,35.2,352,35.2,battery,1000
352,35.2,bus,0
352,35.2,solar,1353,35.353,35.3,battery,1000
353,35.3,bus,0
353,35.3,solar,135354,3354,35.4,battery,1000
354,35.4,bus,0
354,35.4,solar,149.2355355,35.5,battery,1000
355,35.5,bus,0
355,35.5,solar,161.8043356,35.6,battery,1000
356,35.6,bus,0
356,35.6,solar,172.731
357,35.7,battery,1000
357,35.7,bus,0
357,35.7,solar,181.933
358,35.8,battery,1000
358,35.8,bus,0
358,35.8,solar,189.317
359,35.9,battery,1000
359,35.9,bus,0
359,35.9,solar,194.81
360,36,battery,1000
360,36,bus,0
360,36,solar,198.356
361,36.1,battery,1000
361,36.1,bus,0
361,36.1,solar,199.92
362,36.2,battery,1000
362,36.2,bus,0
362,36.2,solar,199.486
363,36.3,battery,1000
363,36.3,bus,0
363,36.3,solar,197.06
364,36.4,battery,1000
364,36.4,bus,0
364,36.4,solar,192.664
365,36.5,battery,1000
365,36.5,bus,0
365,36.5,solar,186.343
366,36.6,battery,1000
366,36.6,bus,0
366,36.6,solar,178.161
367,36.7,battery,1000
367,36.7,bus,0
367,36.7,solar,168.198
368,36.8,battery,1000
368,36.8,bus,0
368,36.8,solar,156.555
369,36.9,battery,1000
369,36.9,bus,0
369,36.9,solar,143.347
370,37,battery,1000
370,37,bus,0
370,37,solar,128.708
371,37.1,battery,1000
371,37.1,bus,0
371,37.1,solar,112.782
372,37.2,battery,1000
372,37.2,bus,0
372,37.2,solar,95.7292
373,37.3,battery,1000
373,37.3,bus,0
373,37.3,solar,77.72
374,37.4,battery,1000
374,37.4,bus,0
374,37.4,solar,58.9343
375,37.5,battery,1000
375,37.5,bus,0
375,37.5,solar,39.5598
376,37.6,battery,1000
376,37.6,bus,0
376,37.6,solar,19.7899
377,37.7,battery,1000
377,37.7,bus,0
377,37.7,solar,0.177631
378,37.8,battery,1000
378,37.8,bus,0
378,37.8,solar,20.1434
379,37.9,battery,1000
379,37.9,bus,0
379,37.9,solar,39.9079
380,38,battery,1000
380,38,bus,0
380,38,solar,59.2737
381,38.1,battery,1000
381,38.1,bus,0
381,38.1,solar,78.0472
382,38.2,battery,1000
382,38.2,bus,0
382,38.2,solar,96.041
383,38.3,battery,1000
383,38.3,bus,0
383,38.3,solar,113.075
384,38.4,battery,1000
384,38.4,bus,0
384,38.4,solar,128.979
385,38.5,battery,1000
385,38.5,bus,0
385,38.5,solar,143.595
386,38.6,battery,1000
386,38.6,bus,0
386,38.6,solar,156.776
387,38.7,battery,1000
387,38.7,bus,0
387,38.7,solar,168.39
388,38.8,battery,1000
388,38.8,bus,0
388,38.8,solar,178.322
389,38.9,battery,1000
389,38.9,bus,0
389,38.9,solar,186.472
390,39,battery,1000
390,39,bus,0
390,39,solar,192.759
391,39.1,battery,1000
391,39.1,bus,0
391,39.1,solar,197.12
392,39.2,battery,1000
392,39.2,bus,0
392,39.2,solar,199.511
393,39.3,battery,1000
393,39.3,bus,0
393,39.3,solar,199.909
394,39.4,battery,1000
394,39.4,bus,0
394,39.4,solar,198.31
395,39.5,battery,1000
395,39.5,bus,0
395,39.5,solar,194.729
396,39.6,battery,1000
396,39.6,bus,0
396,39.6,solar,189.203
397,39.7,battery,1000
397,39.7,bus,0
397,39.7,solar,181.785
398,39.8,battery,1000
398,39.8,bus,0
398,39.8,solar,172.552
399,39.9,battery,1000
399,39.9,bus,0
399,39.9,solar,161.595
400,40,battery,1000
400,40,bus,0
400,40,solar,149.023
401,40.1,battery,1000
401,40.1,bus,0
401,40.1,solar,134.962
402,40.2,battery,1000
402,40.2,bus,0
402,40.2,solar,119.552
403,40.3,battery,1000
403,40.3,bus,0
403,40.3,solar,102.948
404,40.4,battery,1000
404,40.4,bus,0
404,40.4,solar,85.3154
405,40.5,battery,1000
405,40.5,bus,0
405,40.5,solar,66.8302
406,40.6,battery,1000
406,40.6,bus,0
406,40.6,solar,47.6774
407,40.7,battery,1000
407,40.7,bus,0
407,40.7,solar,28.0481
408,40.8,battery,1000
408,40.8,bus,0
408,40.8,solar,8.13865
409,40.9,battery,1000
409,40.9,bus,0
409,40.9,solar,11.8522
410,41,battery,1000
410,41,bus,0
410,41,solar,31.7245
411,41.1,battery,1000
411,41.1,bus,0
411,41.1,solar,51.2799
412,41.2,battery,1000
412,41.2,bus,0
412,41.2,solar,70.323
413,41.3,battery,1000
413,41.3,bus,0
413,41.3,solar,88.6633
414,41.4,battery,1000
414,41.4,bus,0
414,41.4,solar,106.118
415,41.5,battery,1000
415,41.5,bus,0
415,41.5,solar,122.512
416,41.6,battery,1000
416,41.6,bus,0
416,41.6,solar,137.682
417,41.7,battery,1000
417,41.7,bus,0
417,41.7,solar,151.477
418,41.8,battery,1000
418,41.8,bus,0
418,41.8,solar,163.757
419,41.9,battery,1000
419,41.9,bus,0
419,41.9,solar,174.402
420,42,battery,1000
420,42,bus,0
420,42,solar,183.304
421,42.1,battery,1000
421,42.1,bus,0
421,42.1,solar,190.375
422,42.2,battery,1000
422,42.2,bus,0
422,42.2,solar,195.543
423,42.3,battery,1000
423,42.3,bus,0
423,42.3,solar,198.758
424,42.4,battery,1000
424,42.4,bus,0
424,42.4,solar,199.987
425,42.5,battery,1000
425,42.5,bus,0
425,42.5,solar,199.217
426,42.6,battery,1000
426,42.6,bus,0
426,42.6,solar,196.457
427,42.7,battery,1000
427,42.7,bus,0
427,42.7,solar,191.734
428,42.8,battery,1000
428,42.8,bus,0
428,42.8,solar,185.096
429,42.9,battery,1000
429,42.9,bus,0
429,42.9,solar,176.608
430,43,battery,1000
430,43,bus,0
430,43,solar,166.355
431,43.1,battery,1000
431,43.1,bus,0
431,43.1,solar,154.44
432,43.2,battery,1000
432,43.2,bus,0
432,43.2,solar,140.982
433,43.3,battery,1000
433,43.3,bus,0
433,43.3,solar,126.116
434,43.4,battery,1000
434,43.4,bus,0
434,43.4,solar,109.989
435,43.5,battery,1000
435,43.5,bus,0
435,43.5,solar,92.7631
436,43.6,battery,1000
436,43.6,bus,0
436,43.6,solar,74.6106
437,43.7,battery,1000
437,43.7,bus,0
437,43.7,solar,55.7125
438,43.8,battery,1000
438,43.8,bus,0
438,43.8,solar,36.2578
439,43.9,battery,1000
439,43.9,bus,0
439,43.9,solar,16.4409
440,44,battery,1000
440,44,bus,0
440,44,solar,3.54039
441,44.1,battery,1000
441,44.1,bus,0
441,44.1,solar,23.4863
442,44.2,battery,1000
442,44.2,bus,0
442,44.2,solar,43.1975
443,44.3,battery,1000
443,44.3,bus,0
443,44.3,solar,62.477
444,44.4,battery,1000
444,44.4,bus,0
444,44.4,solar,81.1324
445,44.5,battery,1000
445,44.5,bus,0
445,44.5,solar,98.9771
446,44.6,battery,1000
446,44.6,bus,0
446,44.6,solar,115.833
447,44.7,battery,1000
447,44.7,bus,0
447,44.7,solar,131.531
448,44.8,battery,1000
448,44.8,bus,0
448,44.8,solar,145.915
449,44.9,battery,1000
449,44.9,bus,0
449,44.9,solar,158.842
450,45,battery,1000
450,45,bus,0
450,45,solar,170.181
451,45.1,battery,1000
451,45.1,bus,0
451,45.1,solar,179.819
452,45.2,battery,1000
452,45.2,bus,0
452,45.2,solar,187.661
453,45.3,battery,1000
453,45.3,bus,0
453,45.3,solar,193.628
454,45.4,battery,1000
454,45.4,bus,0
454,45.4,solar,197.661
455,45.5,battery,1000
455,45.5,bus,0
455,45.5,solar,199.718
456,45.6,battery,1000
456,45.6,bus,0
456,45.6,solar,199.78
457,45.7,battery,1000
457,45.7,bus,0
457,45.7,solar,197.846
458,45.8,battery,1000
458,45.8,bus,0
458,45.8,solar,193.935
459,45.9,battery,1000
459,45.9,bus,0
459,45.9,solar,188.086
460,46,battery,1000
460,46,bus,0
460,46,solar,180.358
461,46.1,battery,1000
461,46.1,bus,0
461,46.1,solar,170.827
462,46.2,battery,1000
462,46.2,bus,0
462,46.2,solar,159.59
463,46.3,battery,1000
463,46.3,bus,0
463,46.3,solar,146.759
464,46.4,battery,1000
464,46.4,bus,0
464,46.4,solar,132.461
465,46.5,battery,1000
465,46.5,bus,0
465,46.5,solar,116.839
466,46.6,battery,1000
466,46.6,bus,0
466,46.6,solar,100.05
467,46.7,battery,1000
467,46.7,bus,0
467,46.7,solar,82.2618
468,46.8,battery,1000
468,46.8,bus,0
468,46.8,solar,63.6513
469,46.9,battery,1000
469,46.9,bus,0
469,46.9,solar,44.4048
470,47,battery,1000
470,47,bus,0
470,47,solar,24.7146
471,47.1,battery,1000
471,47.1,bus,0
471,47.1,solar,4.77751
472,47.2,battery,1000
472,47.2,bus,0
472,47.2,solar,15.2073
473,47.3,battery,1000
473,47.3,bus,0
473,47.3,solar,35.0403
474,47.4,battery,1000
474,47.4,bus,0
474,47.4,solar,54.5231
475,47.5,battery,1000
475,47.5,bus,0
475,47.5,solar,73.4611
476,47.6,battery,1000
476,47.6,bus,0
476,47.6,solar,91.6651
477,47.7,battery,1000
477,47.7,bus,0
477,47.7,solar,108.953
478,47.8,battery,1000
478,47.8,bus,0
478,47.8,solar,125.153
479,47.9,battery,1000
479,47.9,bus,0
479,47.9,solar,140.102
480,48,battery,1000
480,48,bus,0
480,48,solar,153.651
481,48.1,battery,1000
481,48.1,bus,0
481,48.1,solar,165.665
482,48.2,battery,1000
482,48.2,bus,0
482,48.2,solar,176.024
483,48.3,battery,1000
483,48.3,bus,0
483,48.3,solar,184.623
484,48.4,battery,1000
484,48.4,bus,0
484,48.4,solar,191.379
485,48.5,battery,1000
485,48.5,bus,0
485,48.5,solar,196.222
486,48.6,battery,1000
486,48.6,bus,0
486,48.6,solar,199.104
487,48.7,battery,1000
487,48.7,bus,0
487,48.7,solar,199.997
488,48.8,battery,1000
488,48.8,bus,0
488,48.8,solar,198.892
489,48.9,battery,1000
489,48.9,bus,0
489,48.9,solar,195.799
490,49,battery,1000
490,49,bus,0
490,49,solar,190.751
491,49.1,battery,1000
491,49.1,bus,0
491,49.1,solar,183.796
492,49.2,battery,1000
492,49.2,bus,0
492,49.2,solar,175.005
493,49.3,battery,1000
493,49.3,bus,0
493,49.3,solar,164.465
494,49.4,battery,1000
494,49.4,bus,0
494,49.4,solar,152.282
495,49.5,battery,1000
495,49.5,bus,0
495,49.5,solar,138.577
496,49.6,battery,1000
496,49.6,bus,0
496,49.6,solar,123.488
497,49.7,battery,1000
497,49.7,bus,0
497,49.7,solar,107.165
498,49.8,battery,1000
498,49.8,bus,0
498,49.8,solar,89.7708
499,49.9,battery,1000
499,49.9,bus,0
499,49.9,solar,71.48
.6,solar,123.488
497,49.7,battery,1000
497,49.7,bus,0
497,49.7,solar,107.165
498,49.8,battery,1000
498,49.8,bus,0
498,49.8,solar,89.7708
499,49.9,battery,1000
499,49.9,bus,0
499,49.9,solar,71.48
